Title,Price,Original Price,Price Excl. VAT,HP,Year,Working Hours,Dealer,Location,Image URL,Details,Detail URL,Description,Equipment: Transmission: Synchronous transmission,Equipment: bolt size hitch (mm): 32mm,Equipment: hitch: manually,Equipment: Reverse motion without pressure,Equipment: Air conditioner,Equipment: radio,Equipment: Top speed in km/h: 40 km/h,Equipment: Hydraulic brake valve,Equipment: emission stage: Tier3,Equipment: Front loader,Equipment: PowerShuttle,Equipment: Suspended tractor cabin (cab suspension),Equipment: Transmission: Continuously variable transmission,Equipment: Front PTO (power take-off),Equipment: Joystick: electric,Equipment: PTO shaft speed (rpm): 540E/1000,Equipment: Pneumatic (air) brake,Equipment: Platform: Cabin,Equipment: vehicle papers,Equipment: Drive: All-wheel drive,Equipment: PTO shaft speed (rpm): 540/540E/1000,Equipment: Three-point hitch (electronic hitch control),Equipment: Front loader console,Equipment: Top speed in km/h: 30 km/h,Equipment: external operation rear hydraulcs,Equipment: PTO shaft speed (rpm): 540/540E,Equipment: Supercharger: Turbocharger,Equipment: bolt size hitch (mm): 38mm,Equipment: Transmission: PowerShift transmission,Equipment: Creep speed,Equipment: top link rear: mechanically,Equipment: PTO shaft speed (rpm): 540/1000,Equipment: AdBlue,Equipment: Joystick: mechanically,Equipment: external operation PTO,Equipment: Air-suspended seat,Equipment: hitch: automatic,Equipment: 4-wheel brake,Equipment: Suspended front axle,Equipment: PTO shaft speed (rpm): 540,Equipment: ISOBUS,Equipment: emission stage: Tier5,Equipment: top link rear: hyraulic,Equipment: Exhaust brake,Equipment: Top speed in km/h: 50 km/h,Equipment: Front hydraulic equipment,Equipment: PTO shaft speed (rpm): 540/540E/1000/1000E,Equipment: Supercharger: Turbocharger with intercooler,Equipment: PTO shaft speed (rpm): 540/750,Equipment: ground drive p.t.o.,Spec: count of work lights rear,Spec: Working hours:,Spec: Front tire tread depth (%),Spec: Control units - DW (total),Spec: Front tire specifications,Spec: Rear tire tread depth (%),Spec: Maximum allowed weight (kg),Spec: Type:,Spec: Rear tire specifications,Spec: Control units – EW (total),Spec: count of previous owners,Spec: Payload/ carrying capacity (kg),Spec: Year of construction:,Spec: Condition state:,Spec: number of cylinders,Spec: serial number/chassis number,Spec: Control units – DW (electrical),Spec: Own weight (kg),Spec: hp:,Spec: count of work lights front
McCormick X4.70,EUR 32.500,,, 101 hp/75 kW,2014,4050,Landbrukssalg AS,7080 H Trondheim – Tromsø,https://static.landwirt.com/9479-c280c04410ead2354297cef3877c74c3-4483344-0.jpg,...,"https://www.landwirt.com/en/used-farm-machinery,4483344,McCormick-X470.html","== Mer informasjon (NO) ==

Specifications
40 km/h
3,425 kg
Clutchless reverse gear
Hauer XB 70 front loader
3. function loads
Snow shovel
Gravel drawer
Chain for all 4
3 double hydraulic outlets at the rear
Top brace included
Radio/DAB
Steps
front fenders and HUV are included
Description
McCormick X4.70 with front loader for sale
Delivery by agreement",,,,,,,,,,,,,,,,,,,,,,,,,,,,,,,,,,,,,,,,,,,,,,,,,,,4050 h,,,X4.70,,,,,,2014,,,,,101 hp / 75 kW,,,,,
McCormick TTX 190,EUR 42.000,,"37.168,14 excl. VAT/ mediation", 190 hp/140 kW,2009,6000,,,https://static.landwirt.com/3592-c53ecaf084454ef7a234d9b372fb5a9e-4470195-0.jpg,"Three-point hitch (electronic hitch control), Front hydraulic equipment, Drive: All-wheel drive, 50 km/h, Pneumatic (air) brake, Air conditioner, Suspended front axle, Reverse motion without pressure, ...","https://www.landwirt.com/en/used-farm-machinery,4470195,McCormick-TTX-190.html",Klassifizierung: Gebrauchtmaschine; Tag der Erstzulassung: 10.02.2009; Getriebetyp: Teillastschaltgetriebe; Name des Getriebes: 1; Hydraulische Lenkung: Ja; Oberlenker hinten: Ja; Oberlenker hinten Typ: Hydraulisch; Kategorie Unterlenker hinten: Kat. 3; Steuergeräte doppeltwirkend hinten: Ja; Power Beyond Anschlüsse: Ja; Loadsensing: Ja; Außenbedienung Heckhydraulik: Ja; Außenbedienung Steuergerät: Ja; Anhängevorrichtung: Ja; Kugelkopfkupplung: Ja; Art von Kugelkopf: K80; Arbeitsscheinwerfer vorne: Ja; Art der Arbeitsscheinwerfer (vorne): Halogen; Arbeitsscheinwerfer hinten: Ja; Art der Arbeitsscheinwerfer (hinten): Halogen; Art der Klimatisierung: Manuell; Heckzapfwelle Drehzahl: 540/1000; Sitzfederung: Ja; Reifenhersteller: Continental; Letzter Tätigkeitsschwerpunkt: Allgemeine landwirtschaftliche Arbeit; Weitere Maschinenmerkmale: Privatverkauf,,,Yes,Yes,Yes,,,Yes,,,,,Yes,Yes,,,,,,,,Yes,Yes,Yes,,,Yes,,,,,,,,Yes,Yes,Yes,Yes,,Yes,,,,,,Yes,,,,,6,6,1,,,190 hp / 140 kW,40,4,6000 h,650/65 R42,4,540/65 R30,40,,TTX 190,,,,,2009
McCormick International 724,,,, 65 hp/48 kW,1971,29912,,,https://static.landwirt.com/8454-d93c4c8353cff610bdc06a0b91fc0ceb-4483022-0.jpg,...,"https://www.landwirt.com/en/used-farm-machinery,4483022,McCormick-International-724.html","== Mer information (SV) ==

Information om användning:Objektet har brukats fram till auktionsstartInformation från nuvarande ägare:Objektet fungerar, men har anmärkningarKända anmärkningar och fel:Svårstartad ibland, behöver då använda startgas för att starta.Kända reparationer och lagningar:Motorn renoverad för något år sedanService:Se kommentar om serviceKommentar om service:Kontinuerligt underhållen i egen regi
Fordonsstatus: Påställd
Kopplingsfri fram och bak",,,,,,,,,,,,,,,,,,,,,,,,,,,,,,,,,,,,,,,,,,,,,,,,,,,International 724,,,,,,1971,,,,,65 hp / 48 kW,,,,,,29912 h,,
McCormick,EUR 2.500,,"2.212,39 excl. VAT/ mediation", 44 hp/33 kW,,6040,,,https://static.landwirt.com/3186-a6f00ac17bee291e292e7ab9472a1d09-4468472-0.jpg,...,"https://www.landwirt.com/en/used-farm-machinery,4468472,McCormick-.html","McCormick International 
434 Diesel
Mit Frontlader
Motorschaden!",,,,,,,,,,,,,,,,,,,,,,,,,,,,,,,,,,,,,,,,,,,,,,,,,,,,,,,,,,,,,,,,44 hp / 33 kW,,,,6040 h,,
McCormick X6.55,,,, 131 hp/97 kW,2021,477,,,https://static.landwirt.com/6428-1422340d800e19c245441807db91448f-4476600-0.jpg,"Drive: All-wheel drive, Three-point hitch (electronic hitch control), 40 km/h, Front loader, Air-suspended seat, Front loader console, PowerShuttle, PowerShift transmission, ...","https://www.landwirt.com/en/used-farm-machinery,4476600,McCormick-X655.html","Geschwindigkeit: 40, 
Motor-Zylinderanzahl: 4, 
Druckluftanlage (2-Kreis), 
Frontgewichte, 
Hydraulische Lenkung, 
Hubdach, 
Kabine, 
Radio, 
Rundumleuchte, 
Wendeschaltung, 
Diesel, 
Zugmaul - automatisch, 
höhenverstellbare Anhängevorrichtung, 
Dreipunkt-Außenbedienelement, 
Heckzapfwelle-Außenbedienung, 
Abgasnachbehandlung / AdBlue, 
3. Steuerkreis, 
Einhebelsteuergerät (mechanisch)
________",,Yes,Yes,,,,,,Yes,,,,,,,Yes,,,,,,,,,,,,,,,,,,,Yes,,Yes,,,Yes,Yes,,,,,,,,,Yes,477 h,,,X6.55,600/65R34,3,480/65R24,,,2021,,,,,131 hp / 97 kW,,,,,
McCormick CX 95 XtraShift,,,,,2007,5262,,,https://static.landwirt.com/6428-6164ad653f89e21e0b8ccf1fc12f07a5-4474653-0.jpg,"Drive: All-wheel drive, Air-suspended seat, Air conditioner, PowerShuttle, Front loader, PowerShift transmission, Three-point hitch (electronic hitch control), Front loader console, ...","https://www.landwirt.com/en/used-farm-machinery,4474653,McCormick-CX-95-XtraShift.html","Frontladertyp: Trima, 
Motor-Zylinderanzahl: 4, 
Druckluftanlage (1-Kreis), 
Druckluftanlage (2-Kreis), 
Hydraulische Lenkung, 
Kabine, 
Rundumleuchte, 
Wendeschaltung, 
Diesel, 
Zugmaul - automatisch, 
höhenverstellbare Anhängevorrichtung, 
Dreipunkt-Außenbedienelement, 
Heckzapfwelle-Außenbedienung, 
3. Steuerkreis, 
Einhebelsteuergerät (mechanisch)
________",Yes,Yes,,,,,Yes,,,,,,,Yes,,,,,,,,,,,,,,,,,,,Yes,,,,,,Yes,Yes,,,,,,,,Yes,,,,,,,,,5262 h,,,,,CX 95 XtraShift,460/85R34,2,340/85R24,,2007,,,
McCormick X6.430VT,,,, 135 hp/100 kW,2019,2100,,,https://static.landwirt.com/6428-cf9288e33ada197b766152445c7ec58c-4474652-0.jpg,"Front PTO (power take-off), Front hydraulic equipment, Drive: All-wheel drive, 50 km/h, PTO shaft speed (rpm): 540/540E/1000/1000E, Suspended front axle, Air-suspended seat, Continuously variable transmission, ...","https://www.landwirt.com/en/used-farm-machinery,4474652,McCormick-X6430VT.html","Geschwindigkeit: 50, 
Frontladertyp: Alö Q5S, 
Motor-Zylinderanzahl: 4, 
Druckluftanlage (2-Kreis), 
Hydraulische Lenkung, 
Kabine, 
Kabinenfederung (mechanisch), 
Radio, 
Zentralschmierung, 
Diesel, 
Zugmaul - automatisch, 
Dreipunkt-Außenbedienelement, 
Heckzapfwelle-Außenbedienung, 
3. Steuerkreis
________",,Yes,Yes,Yes,,,,,,Yes,,,Yes,,,,,,,Yes,,,,,,,Yes,Yes,Yes,,,,,,,,,,,,,,,Yes,,,,,,,5,480/65R24,,,X6.430VT,600/65R34,,,,2019,,,,,,135 hp / 100 kW,,,2100 h,
McCormick X2.055,,,, 49 hp/37 kW,,118,,,https://static.landwirt.com/6428-d6a81a113247bc0f836268334b0f6dce-4474648-0.jpg,"Air-suspended seat, PTO shaft speed (rpm): 540, Front hydraulic equipment, Synchronous transmission, Air conditioner, Drive: All-wheel drive, 30 km/h, ...","https://www.landwirt.com/en/used-farm-machinery,4474648,McCormick-X2055.html","Geschwindigkeit: 30, 
Gänge vorwärts: 16, 
Gänge rückwärts: 16, 
Kabine, 
Radio, 
Wendeschaltung, 
Diesel
________
Vorführschlepper mit Zulassung 118 Betriebsstunden.",,,,,,,Yes,,,,,Yes,,,,Yes,,,,,,,Yes,,,,,,,,,,,,Yes,,,,,,,,,,,,Yes,,,Yes,,,,,,49 hp / 37 kW,,,,,,118 h,,,X2.055,360/70R24,3,280/70R16,,
McCormick X6.616,,,, 161 hp/119 kW,2024,1,,,https://static.landwirt.com/6428-618e63873a48e5b62c2781bf8703ddf7-4474640-0.jpg,"Air conditioner, PowerShuttle, Air-suspended seat, PowerShift transmission, Drive: All-wheel drive, ...","https://www.landwirt.com/en/used-farm-machinery,4474640,McCormick-X6616.html","Motor-Zylinderanzahl: 6, 
Druckluftanlage (2-Kreis), 
Frontgewichte, 
Hydraulische Lenkung, 
Hubdach, 
Kabine, 
Radio, 
Rundumleuchte, 
Wendeschaltung, 
Diesel, 
Ölrücklaufanschluss (drucklos), 
Dreipunkt-Außenbedienelement, 
Heckzapfwelle-Außenbedienung, 
Abgasnachbehandlung / AdBlue
________",,,,,,,,,,,,Yes,,,,,,,,Yes,,,,,,Yes,,,,,,,,,,,Yes,,,,,,Yes,,,,,,,,161 hp / 119 kW,,,,,,1 h,,,X6.616,650/65R38,3,540/65R28,,,2024,,,,
McCormick X2.055,,,, 49 hp/37 kW,2024,1,,,https://static.landwirt.com/6428-466bee50249fa0c0ba3438464c5bf79b-4474639-0.jpg,"Synchronous transmission, Drive: All-wheel drive, 30 km/h, ...","https://www.landwirt.com/en/used-farm-machinery,4474639,McCormick-X2055.html","Geschwindigkeit: 30, 
Hydraulische Lenkung, 
Diesel, 
Überrollbügel
________",,,,,,,,,,,,,,,,,,,,,,,,Yes,,,,,,,,,,,,Yes,,,,,,Yes,,,,,,,,,X2.055,"31x13,5-15",3,44x18-20,,,2024,,,,,49 hp / 37 kW,,,,,,1 h,,
McCormick X4.070,,,, 70 hp/52 kW,2024,1,,,https://static.landwirt.com/6428-3794040f3fc2690a924369acc54895dd-4474638-0.jpg,"Front loader, PowerShuttle, Air conditioner, PowerShift transmission, Front loader console, Drive: All-wheel drive, 40 km/h, ...","https://www.landwirt.com/en/used-farm-machinery,4474638,McCormick-X4070.html","Geschwindigkeit: 40, 
Motor-Zylinderanzahl: 4, 
Hydraulische Lenkung, 
Kabine, 
Parallelführung, 
höhenverstellbare Anhängevorrichtung, 
Dreipunkt-Außenbedienelement, 
3. Steuerkreis, 
Einhebelsteuergerät (mechanisch)
________",Yes,,,,Yes,,Yes,,,,,,,,,,,Yes,,,,,,Yes,,,,,,,,,,,,,,,,,,,,,Yes,,,,,Yes,1 h,,,360/70R20,,,X4.070,420/70R30,2,,,2024,,,,,,70 hp / 52 kW,,
McCormick X6.135,,,, 135 hp/100 kW,2024,1,,,https://static.landwirt.com/6428-529e721dad858ebbff7d8a96e66d9771-4474625-0.jpg,"Air-suspended seat, Three-point hitch (electronic hitch control), Suspended front axle, Drive: All-wheel drive, Air conditioner, PowerShift transmission, PTO shaft speed (rpm): 540/540E/1000/1000E, PowerShuttle, ...","https://www.landwirt.com/en/used-farm-machinery,4474625,McCormick-X6135.html","Motor-Zylinderanzahl: 4, 
Druckluftanlage (2-Kreis), 
Hydraulische Lenkung, 
Kabine, 
Radio, 
Diesel, 
Zugmaul - automatisch, 
Dreipunkt-Außenbedienelement, 
Heckzapfwelle-Außenbedienung, 
Oberlenker mechanisch (hinten)
________",,,,,Yes,Yes,,,,,,,,,,Yes,,,,,,,Yes,,,,,,,Yes,,Yes,,,,,,,,,Yes,,,,,,,,Yes,,,,X6.135,540/65R38,5,480/65R24,,2024,,,,,,135 hp / 100 kW,,,,1 h,,
McCormick X7.621 VT-Drive,,,, 210 hp/155 kW,2024,1,,,https://static.landwirt.com/6428-b1b3fa88c27afa6b09d0249ba498cc3e-4474624-0.jpg,"Front hydraulic equipment, Three-point hitch (electronic hitch control), Drive: All-wheel drive, Front PTO (power take-off), 50 km/h, Air-suspended seat, Continuously variable transmission, PTO shaft speed (rpm): 540/540E/1000/1000E, ...","https://www.landwirt.com/en/used-farm-machinery,4474624,McCormick-X7621-VT-Drive.html","Geschwindigkeit: 50, 
Motor-Zylinderanzahl: 6, 
Druckluftanlage (2-Kreis), 
Kugelkopfkupplung (K80), 
Bordcomputer / Monitor, 
Dreipunkt / Heckhubwerkanhängung, 
Kabine, 
Wendeschaltung, 
Lastabhängiger Zusatz-Hydraulikkreis (Power Beyond, Load Sensing), 
Diesel, 
ISOBUS, 
höhenverstellbare Anhängevorrichtung, 
Dreipunkt-Außenbedienelement, 
Hydrauliksteuergeräte-Außenbedienung, 
Heckzapfwelle-Außenbedienung, 
Kabinenfederung (hydraulisch), 
Abgasnachbehandlung / AdBlue, 
Oberlenker hydraulisch (hinten)
________",Yes,Yes,Yes,,,,,,,,Yes,,,,,,,,,,,,,,Yes,,Yes,,,,,,,Yes,Yes,Yes,,,,,,,,Yes,,,,,,,1 h,,,X7.621 VT-Drive,710/70R38,6,600/65R28,,,2024,,,,,210 hp / 155 kW,,,,,
McCormick X7.624 VT-Drive,,,, 240 hp/177 kW,2024,1,,,https://static.landwirt.com/6428-4b22d96769227f522f4d22f5ca757835-4474623-0.jpg,"Drive: All-wheel drive, Front PTO (power take-off), Three-point hitch (electronic hitch control), Front hydraulic equipment, 50 km/h, Air conditioner, Air-suspended seat, Continuously variable transmission, ...","https://www.landwirt.com/en/used-farm-machinery,4474623,McCormick-X7624-VT-Drive.html","Geschwindigkeit: 50, 
Motor-Zylinderanzahl: 6, 
Druckluftanlage (2-Kreis), 
Kugelkopfkupplung (K80), 
Bordcomputer / Monitor, 
Dreipunkt / Heckhubwerkanhängung, 
Hydraulische Lenkung, 
Hubdach, 
Kabine, 
Wendeschaltung, 
Lastabhängiger Zusatz-Hydraulikkreis (Power Beyond, Load Sensing), 
Diesel, 
ISOBUS, 
höhenverstellbare Anhängevorrichtung, 
Dreipunkt-Außenbedienelement, 
Hydrauliksteuergeräte-Außenbedienung, 
Heckzapfwelle-Außenbedienung, 
Kabinenfederung (hydraulisch), 
Abgasnachbehandlung / AdBlue, 
Oberlenker hydraulisch (hinten)
________",,,,,,,Yes,,,,,,,,Yes,Yes,Yes,,,,,,Yes,,,Yes,,,,,,,,,,,,,,Yes,Yes,Yes,,,,,,,,Yes,,1 h,,6,600/60R30,,,X7.624 VT-Drive,710/60R42,,,,2024,,,,,,240 hp / 177 kW,
McCormick X7.618 VT-Drive,,,, 180 hp/133 kW,2024,1,,,https://static.landwirt.com/6428-0c3daa84d782fb8eafaf29ee86a56520-4474622-0.jpg,"Front hydraulic equipment, Three-point hitch (electronic hitch control), Drive: All-wheel drive, 50 km/h, Suspended front axle, Air conditioner, Air-suspended seat, PTO shaft speed (rpm): 540/540E/1000/1000E, ...","https://www.landwirt.com/en/used-farm-machinery,4474622,McCormick-X7618-VT-Drive.html","Geschwindigkeit: 50, 
Motor-Zylinderanzahl: 6, 
Druckluftanlage (2-Kreis), 
Kugelkopfkupplung (K80), 
Dreipunkt / Heckhubwerkanhängung, 
Hydraulische Lenkung, 
Kabine, 
Kabinenfederung (mechanisch), 
Wendeschaltung, 
Diesel, 
höhenverstellbare Anhängevorrichtung, 
Hydrauliksteuergeräte-Außenbedienung, 
Abgasnachbehandlung / AdBlue
________",Yes,,,,,,,,,,,,,,Yes,Yes,,,,,,,,,Yes,,,,,,,Yes,,,,,,,,Yes,Yes,Yes,,,,,,Yes,,,,,X7.618 VT-Drive,650/65R38,4,540/65R28,,2024,,,,,,180 hp / 133 kW,,,,1 h,,
McCormick X7.618 VT-Drive,,,, 180 hp/133 kW,2024,1,,,https://static.landwirt.com/6428-54099eca9a8ce4ad1e26f13fa3da6172-4474621-0.jpg,"PTO shaft speed (rpm): 540/540E/1000/1000E, Three-point hitch (electronic hitch control), Drive: All-wheel drive, Front hydraulic equipment, Air conditioner, Air-suspended seat, Continuously variable transmission, 50 km/h, ...","https://www.landwirt.com/en/used-farm-machinery,4474621,McCormick-X7618-VT-Drive.html","Geschwindigkeit: 50, 
Motor-Zylinderanzahl: 6, 
Dreipunkt / Heckhubwerkanhängung, 
Hydraulische Lenkung, 
Kabine, 
Kabinenfederung (mechanisch), 
Wendeschaltung, 
Diesel, 
höhenverstellbare Anhängevorrichtung, 
Hydrauliksteuergeräte-Außenbedienung, 
Heckzapfwelle-Außenbedienung, 
Abgasnachbehandlung / AdBlue
________",,,Yes,,,,,,,,,,,,,,,Yes,Yes,,Yes,,,,,,,,,,,,,Yes,,,,,,,,,Yes,Yes,Yes,,,,,,,1 h,,4,540/65R28,,,X7.618 VT-Drive,650/65R38,,,,2024,,,,,,180 hp / 133 kW,
McCormick X7.418 VT-Drive,,,, 176 hp/130 kW,2024,1,,,https://static.landwirt.com/6428-f7a9ccf6eaf8fd975bab6c5687aed8a8-4474620-0.jpg,"Drive: All-wheel drive, Front hydraulic equipment, Continuously variable transmission, PTO shaft speed (rpm): 540/540E/1000/1000E, Air-suspended seat, Suspended front axle, Air conditioner, 50 km/h, ...","https://www.landwirt.com/en/used-farm-machinery,4474620,McCormick-X7418-VT-Drive.html","Geschwindigkeit: 50, 
Motor-Zylinderanzahl: 4, 
Druckluftanlage (2-Kreis), 
Kugelkopfkupplung (K80), 
Bordcomputer / Monitor, 
Hydraulische Lenkung, 
Kabinenfederung (mechanisch), 
Wendeschaltung, 
Diesel, 
Abgasnachbehandlung / AdBlue
________",,,,,,,,Yes,,,,,,Yes,,Yes,Yes,Yes,,,,,,,,,Yes,,,,,,,,,,,,,,Yes,Yes,,,,,,,,,,176 hp / 130 kW,,,,,1 h,,,,X7.418 VT-Drive,600/65R38,4,540/65R28,,2024,,,,
McCormick X6.414,,,, 146 hp/108 kW,2024,1,,,https://static.landwirt.com/6428-2a7a98166e5a7962a8f2bd43cb827a1b-4474619-0.jpg,"Air-suspended seat, Suspended front axle, PTO shaft speed (rpm): 540/540E/1000/1000E, Front hydraulic equipment, Drive: All-wheel drive, Air conditioner, 50 km/h, ...","https://www.landwirt.com/en/used-farm-machinery,4474619,McCormick-X6414.html","Geschwindigkeit: 50, 
Gänge vorwärts: 24, 
Gänge rückwärts: 24, 
Motor-Zylinderanzahl: 4, 
Druckluftanlage (2-Kreis), 
Hydraulische Lenkung, 
Kabine, 
Kabinenfederung (mechanisch), 
Radio, 
Wendeschaltung, 
Diesel, 
Abgasnachbehandlung / AdBlue
________",Yes,,,,Yes,Yes,Yes,,,,,,,,Yes,,,,,,,,,,,,,,,Yes,,,,,,,,,,,,,,,,Yes,,,,,X6.414,600/65R38,5,480/65R28,,,2024,,,,,146 hp / 108 kW,,,,,,1 h,,
McCormick X6.413,,,, 135 hp/100 kW,2024,1,,,https://static.landwirt.com/6428-3dd2921f9d7583e15ff1246a4c02c097-4474618-0.jpg,"Air-suspended seat, PowerShift transmission, Three-point hitch (electronic hitch control), PowerShuttle, Drive: All-wheel drive, Air conditioner, 40 km/h, ...","https://www.landwirt.com/en/used-farm-machinery,4474618,McCormick-X6413.html","Geschwindigkeit: 40, 
Motor-Zylinderanzahl: 4, 
Druckluftanlage (2-Kreis), 
Dreipunkt / Heckhubwerkanhängung, 
Hydraulische Lenkung, 
Kabine, 
Radio, 
Rundumleuchte, 
Wendeschaltung, 
Diesel, 
höhenverstellbare Anhängevorrichtung, 
Abgasnachbehandlung / AdBlue
________",,,,,,,,,,,,,,,,,Yes,,Yes,,,,Yes,,,,,,,,,Yes,,Yes,,,,,,,Yes,,,,,,,Yes,,,2024,,,,,135 hp / 100 kW,,,,,,1 h,,,X6.413,540/65R38,4,480/65R28,,
McCormick X5.110,,,, 105 hp/78 kW,2024,1,,,https://static.landwirt.com/6428-2c348bd2a917640797542614a1b265f5-4474613-0.jpg,"PowerShift transmission, Three-point hitch (electronic hitch control), Suspended front axle, Air-suspended seat, PowerShuttle, Drive: All-wheel drive, Air conditioner, ...","https://www.landwirt.com/en/used-farm-machinery,4474613,McCormick-X5110.html","Gänge vorwärts: 36, 
Gänge rückwärts: 12, 
Motortyp: FPT, 
Motor-Zylinderanzahl: 4, 
Laststufen: 3, 
Druckluftanlage (2-Kreis), 
Hydraulische Lenkung, 
Kabine, 
Kabinenfederung (mechanisch), 
Wendeschaltung, 
Diesel, 
höhenverstellbare Anhängevorrichtung, 
Heckzapfwelle-Außenbedienung, 
Einhebelsteuergerät (mechanisch)
________",Yes,,,,,,,,,,,,,,,,Yes,,,,,,Yes,,,,,,,,,Yes,,Yes,,,,,,,Yes,,,,,,,Yes,,,5,380/70R24,100,,X5.110,480/70R34,,,,2024,,,,,,105 hp / 78 kW,,,1 h,100
McCormick X2.055,,,, 55 hp/41 kW,,,,,https://static.landwirt.com/6428-8648ac42d42b161457bc59390e24331d-4474607-0.jpg,"Air conditioner, Synchronous transmission, ...","https://www.landwirt.com/en/used-farm-machinery,4474607,McCormick-X2055.html","Hydraulische Lenkung, 
Kabine, 
Radio
________",,,,,,,,,,,,,,,,,,,,,,,,,,,,,,,,,,,,,,,,,,,,,,Yes,,,Yes,,,,,,X2.055,,,,,,,,,,,55 hp / 41 kW,,,,
McCormick X3.080F,,,, 75 hp/56 kW,2024,1,,,https://static.landwirt.com/6428-c5b6fb17176ac51f248f10376b4e3890-4474605-0.jpg,"PTO shaft speed (rpm): 540, Air conditioner, Drive: All-wheel drive, Synchronous transmission, Creep speed, 40 km/h, ...","https://www.landwirt.com/en/used-farm-machinery,4474605,McCormick-X3080F.html","Geschwindigkeit: 40, 
Gänge vorwärts: 16, 
Gänge rückwärts: 16, 
Motor-Zylinderanzahl: 4, 
Hydraulische Lenkung, 
Kabine, 
Radio, 
Wendeschaltung, 
Diesel
________",,,,,,,,Yes,,,,,,,,,,,,Yes,,,,,,,,,,,,Yes,,Yes,Yes,,,,,,,,,,,Yes,,,,,1 h,100,,100,,X3.080F,360/70R24,3,260/70R16,,2024,,,,,,75 hp / 56 kW,,,
McCormick X5.120,,,, 120 hp/89 kW,2024,1,,,https://static.landwirt.com/6428-91e421b03b31333fb100961ca9dc195d-4474603-0.jpg,"Air-suspended seat, Drive: All-wheel drive, Front hydraulic equipment, Air conditioner, ...","https://www.landwirt.com/en/used-farm-machinery,4474603,McCormick-X5120.html","Druckluftanlage (2-Kreis), 
Hydraulische Lenkung, 
Kabine, 
Diesel
________",,Yes,,,,,,,,,,,,,,Yes,,,,,,,,,,,,,,,,,Yes,,,,,,,,,Yes,,,,,,,,,2024,,,,,,120 hp / 89 kW,,,,,1 h,,,,X5.120,,,,
McCormick X2.055,,,, 55 hp/41 kW,2024,,,,https://static.landwirt.com/6428-b0049139435210a04cc26c1a761e7e91-4474602-0.jpg,...,"https://www.landwirt.com/en/used-farm-machinery,4474602,McCormick-X2055.html","Kabine
________",,,,,,,,,,,,,,,,,,,,,,,,,,,,,,,,,,,,,,,,,,,,,,,,,,,,,2024,,,,,,55 hp / 41 kW,,,,,,,,,X2.055,,
McCormick X2.055,,,, 49 hp/37 kW,2024,1,,,https://static.landwirt.com/6428-820939e0470287fe253183a65861a558-4474601-0.jpg,"Synchronous transmission, Drive: All-wheel drive, ...","https://www.landwirt.com/en/used-farm-machinery,4474601,McCormick-X2055.html","Motor-Zylinderanzahl: 3, 
Hydraulische Lenkung, 
Wendeschaltung, 
Diesel, 
Überrollbügel
________",,,,,,,,,,,,,,,,Yes,,,,,,,,,,,,Yes,,,,,,,,,,,,,,,,,,,,,,,49 hp / 37 kW,,,,,,1 h,,,X2.055,360/70R24,3,320/70R20,,,2024,,,,
McCormick X4.060,,,, 63 hp/47 kW,2024,2,,,https://static.landwirt.com/6428-6f7b2214c680838b2a16a8bbd6cab319-4474600-0.jpg,"Drive: All-wheel drive, 40 km/h, ...","https://www.landwirt.com/en/used-farm-machinery,4474600,McCormick-X4060.html","Geschwindigkeit: 40, 
Gänge vorwärts: 24, 
Gänge rückwärts: 24, 
Motor-Zylinderanzahl: 4, 
Hydraulische Lenkung, 
Kabine, 
Diesel
________",,,,,,,,,,,,,,,,,,,,Yes,,,,,,,,,,,,Yes,,,,,,,,,,,,,,,,,,,100,,2 h,360/70R30,2,360/70R20,100,,X4.060,,,,,2024,,,,,,63 hp / 47 kW
McCormick X4.080,,,, 75 hp/56 kW,2024,2,,,https://static.landwirt.com/6428-849575d078c98fb005ec21fcfe53b5db-4474599-0.jpg,"Drive: All-wheel drive, PTO shaft speed (rpm): 540, ...","https://www.landwirt.com/en/used-farm-machinery,4474599,McCormick-X4080.html","Gänge vorwärts: 24, 
Gänge rückwärts: 24, 
Motor-Zylinderanzahl: 4, 
Hydraulische Lenkung, 
Kabine, 
Diesel
________",,,,,,,,,,,,,,,,,,,Yes,,,,,,,,,,,,,,,,,,,,,Yes,,,,,,,,,,,,,,75 hp / 56 kW,,,2 h,100,,360/70R20,100,,X4.080,420/70R30,2,,,2024,,
McCormick X5.085,,,, 86 hp/64 kW,2024,2,,,https://static.landwirt.com/6428-d47c9998f5feaad490aa8edb26ab9f2f-4474598-0.jpg,"PTO shaft speed (rpm): 540, PowerShift transmission, PowerShuttle, Drive: All-wheel drive, ...","https://www.landwirt.com/en/used-farm-machinery,4474598,McCormick-X5085.html","Gänge vorwärts: 24, 
Gänge rückwärts: 24, 
Motor-Zylinderanzahl: 4, 
Hydraulische Lenkung, 
Kabine, 
Diesel, 
Dreipunkt-Außenbedienelement, 
Heckzapfwelle-Außenbedienung
________",,,,,,,,,,,,,,,,,,,,Yes,,,,,,,,,Yes,,,,,,,,,Yes,,,,,,,,,,,,Yes,X5.085,480/70R30,3,380/70R20,100,,2024,,,,,86 hp / 64 kW,,,,,,2 h,100,
McCormick X5-100 Efficient,,,, 96 hp/71 kW,2024,1,,,https://static.landwirt.com/6428-4a81d09d7c030434e698f438d8869f35-4474597-0.jpg,"Front hydraulic equipment, Air-suspended seat, Drive: All-wheel drive, PowerShuttle, PowerShift transmission, Front PTO (power take-off), 40 km/h, ...","https://www.landwirt.com/en/used-farm-machinery,4474597,McCormick-X5-100-Efficient.html","Geschwindigkeit: 40, 
Gänge vorwärts: 24, 
Gänge rückwärts: 24, 
Motor-Zylinderanzahl: 4, 
Hydraulische Lenkung, 
Wendeschaltung, 
Diesel, 
Dreipunkt-Außenbedienelement, 
Heckzapfwelle-Außenbedienung
________",Yes,,,,,,Yes,,Yes,,,,,,,,,,,,,,,Yes,,,,,,,Yes,,,,,,,,,,Yes,,,,Yes,,,,,,2,440/65R24,100,,X5-100 Efficient,540/65R34,,,,2024,,,,,,96 hp / 71 kW,,,1 h,100
McCormick X7.660,EUR 58.700,,, 175 hp/129 kW,2016,,Landbrukssalg AS,7080 H Trondheim – Tromsø,https://static.landwirt.com/9479-c44fde6e9a4009c79d20f3da32fbe1ee-4460823-0.jpg,...,"https://www.landwirt.com/en/used-farm-machinery,4460823,McCormick-X7660.html","== Mer informasjon (NO) ==

Specifications
Hours: approx. 2370
Trinnl's gearbox
Front tire size: 540/65 R28
Rear tire size: 650/65 R38
Front hydraulics
40 km/h
Net weight: 7,275 kg
LED light package
Rotor beam
Climate/ac
Description
2016 Mccormick X7 with 2370 hours
A full service was taken this winter
Winter tires can be included for an additional fee
It is front hydraulics
Can be delivered within a short time",,,,,,,,,,,,,,,,,,,,,,,,,,,,,,,,,,,,,,,,,,,,,,,,,,,,2016,,,,,,175 hp / 129 kW,,,,,,,,,X7.660,,,
McCormick 624,EUR 1.800,,,,,,Landbrukssalg AS,7080 H Trondheim – Tromsø,https://static.landwirt.com/9479-6e798b9ef626f1ce03be935691afc160-4460583-0.jpg,...,"https://www.landwirt.com/en/used-farm-machinery,4460583,McCormick-624.html","== Mer informasjon (NO) ==

Description:Rep object.The engine is stuck. It is filled with diesel and oil mixture
so the owner expects it to come loose easily",,,,,,,,,,,,,,,,,,,,,,,,,,,,,,,,,,,,,,,,,,,,,,,,,,,624,,,,,,,,,,,,,,,,,,,
McCormick MTX 140,,,, 144 hp/106 kW,2003,7970,,,https://static.landwirt.com/8454-cb9c057d57b750da8e9025dc4f83a36e-4474145-0.jpg,...,"https://www.landwirt.com/en/used-farm-machinery,4474145,McCormick-MTX-140.html","== Mer information (SV) ==

Information om användning:Objektet har brukats  fram till auktionsstartInformation från nuvarande ägare:Objektet fungerar, inga kända anmärkningar eller felService:Service har genomförts de senaste 12 månaderna i egen regiKommentar om service:Nyservad
Fordonsstatus: Påställd
Senaste godkända besiktning: 20030619
växellåda: Typ: Elektronisk knapphålen
Registrerad hos Transportstyrelsen
Frontlyft
Kopplingsfri fram och back
PTO/Kraftuttag fram
PTO/Kraftuttag bak
Framaxelfjädring
Fri retur
AC Rem bortplockade
Bromsuttag
Dubbelverkande hydrauluttag fram
Dubbelverkande hydrauluttag bak 8 st
Trepunktslyft
Hitchkrok
Frontlastare
Förberedd",,,,,,,,,,,,,,,,,,,,,,,,,,,,,,,,,,,,,,,,,,,,,,,,,,,,,,,2003,,,,,,144 hp / 106 kW,,,7970 h,,,,,,MTX 140
McCormick MTX 200 Med frontlift,EUR 29.453,,, 200 hp/148 kW,2004,5260,,,https://static.landwirt.com/8401-0974bb9ee764676f74526b1b49eb06f1-4471521-0.jpg,...,"https://www.landwirt.com/en/used-farm-machinery,4471521,McCormick-MTX-200-Med-frontlift.html","== Flere oplysninger (DK) ==

Er til salg: Til salg nu
McCormick MTX 200. Den er registreret første gang den 04/08-2004 og vi har den originale registreringsattest til den. I bag er der 4 dobbeltvirkende fjernudtag
LS-udtag
vognbremseventil
hitchtræk og 540/1000 omd. PTO. På kabinen er der bagrudevisker
teleskopspejle
2 rotorblink og 4 arbejdslygte bagud samt 6 fremad. Inde i kabinen er der luftsæde
passagersæde og aircondition. I fronten er forakslen affjedret og der sidder en original frontlift med 1 dobbeltvirkende fjernudtag ført frem. Vi hjælper gerne med Danmarks bedste brugt finansiering hvis det ønskes og vi tager meget gerne dine brugte traktorer i bytte og Køb-Salg-Bytte-Udlejning
se altid over 100 brugte traktorer til salg på vores webside limas.dk We live in Denmark only 78km from the Danish-German border crossing in Flensburg and only 38km from Billund Airport - BLL. You are very welcome to come and visit us
then you can see the machine physically for yourself. If you wish
we will be happy to send a lot of pictures and video of it on Wats-App or email
Med førerhus
Vendegear
Frontlift",,,,,,,,,,,,,,,,,,,,,,,,,,,,,,,,,,,,,,,,,,,,,,,,,,,2004,,,,,200 hp / 148 kW,,,,,,5260 h,,,MTX 200 Med frontlift,,,,,
McCormick CT65V,,,,,,,,,,...,"https://www.landwirt.com/en/used-farm-machinery,4470576,McCormick-CT65V.html",,,,,,,,,,,,,,,,,,,,,,,,,,,,,,,,,,,,,,,,,,,,,,,,,,,,,,,,,,,,,,,,,,,,CT65V,,,
McCormick C-Max 90,,,, 83 hp/62 kW,2008,6685,,,https://static.landwirt.com/5479-9e42f366fca5b5a9dc25197c5f1b3632-4470574-0.jpg,"Drive: All-wheel drive, PTO shaft speed (rpm): 540, ...","https://www.landwirt.com/en/used-farm-machinery,4470574,McCormick-C-Max-90.html",Zapfwellengesch.: 540/750 - KRAFTSTOFFTANK: 102 Liter - *Für weitere Informationen - automatische Anhängekupplung - hydraulische Lenkung - Anzahl Zylinder: 4 - Auspuff: oben - Radio - Halter Rundumkennleuchte: links - Wendeschaltung: mechanisch - Hydraulikpumpe l/min: 52 - Kabinenart: Standard -,,,,,,Yes,,,,,,,,,,,,,,,,,,,,,,Yes,,,,,,,,,,,,,,,,,,,,,,,,,,,2008,,,,,,83 hp / 62 kW,60,,6685 h,270/95R44,4,250/85R28,20,,C-Max 90
McCormick C110MAX HC,EUR 26.180,,22.000 excl. VAT 19%,,2012,1800,,,https://static.landwirt.com/4063-9007f4f6bc6fa2e3bae8431543cce55d-4461705-0.jpg,"Drive: All-wheel drive, Synchronous transmission, Platform: Cabin, Air conditioner, ...","https://www.landwirt.com/en/used-farm-machinery,4461705,McCormick-C110MAX-HC.html",,,,Yes,,,Yes,,,,,,,,,,Yes,,Yes,,,,,,,,,,,,,,,,,,,,,,,,,,,,,,,,,,,,,,,1800 h,,,C110MAX HC,13.6r38,2,13.6R38,,,2012,,,,
McCormick TTX 190,EUR 29.990,,"24.991,67 excl. VAT 20%", 182 hp/134 kW,2011,7766,Wohlmuth GmbH,8342 Gnas,https://static.landwirt.com/3377-e36d2900edf922e614582b3fb30b9267-4429991-1.jpg,"Drive: All-wheel drive, 50 km/h, Three-point hitch (electronic hitch control), Front hydraulic equipment, PTO shaft speed (rpm): 540/1000, top link rear: mechanically, hitch: automatic, PowerShift transmission, ...","https://www.landwirt.com/en/used-farm-machinery,4429991,McCormick-TTX-190.html","Mc Cormick TTX 190 XtraSpeed 50 km/h, Baujahr 2011, 7.766 Betriebsstunden, Fronthydraulik Aigner, EHR, Klimaanlage, Druckluft, 4 Steuergeräte doppelwirkend, Vorderachsfederung, Kabinenfederung, Radio;",Yes,,,Yes,,,,Yes,,Yes,,,,Yes,Yes,Yes,Yes,Yes,Yes,,,,,Yes,Yes,,Yes,,,,,,Yes,Yes,Yes,,,,,,Yes,,,,,Yes,Yes,Yes,Yes,,8,6,,,,182 hp / 134 kW,30,4,7766 h,540/65R30,4,650/65R42,30,,TTX 190,Good (condition state 2),0,,,2011
Mc Cormick X60.50,,,,,2012,3292,,,https://static.landwirt.com/4776-6b2eb022ea212ff8d5355ff4b897cc95-4438669-0.jpg,...,"https://www.landwirt.com/en/used-farm-machinery,4438669,Mc-Cormick-X6050.html","X60.50
 gebr. MC Cormick Schlepper
 Riss im Vorderachsbock
 Breifung vorne 480/65 R 24/60 %
 Bereifung hinten 600/65 R 34/70%
 Dachlucke
 3 Steuergeräte
 Piton Fix",,,,,,,,,,,,,,,,,,,,,,,,,,,,,,,,,,,,,,,,,,,,,,,,,,,,X60.50,,,,,2012,,,,,,,,,,,3292 h,,
McCormick X7.624 VT-Drive Stage V,EUR 1,,"0,83 excl. VAT 20%", 230 hp/170 kW,2024,7,,,https://static.landwirt.com/4839-e164dc61350f6a09f4a12d4dd3532e51-4434417-0.jpg,"Drive: All-wheel drive, 50 km/h, Front hydraulic equipment, Front PTO (power take-off), Three-point hitch (electronic hitch control), Continuously variable transmission, Platform: Cabin, PTO shaft speed (rpm): 540/540E/1000/1000E, ...","https://www.landwirt.com/en/used-farm-machinery,4434417,McCormick-X7624-VT-Drive-Stage-V.html","Sonderlackierung ,Lenksystemvorrüstung,Auch für Vermietung vorgesehen.",Yes,,Yes,Yes,Yes,Yes,,Yes,,Yes,Yes,Yes,Yes,Yes,Yes,Yes,Yes,,,,,Yes,Yes,Yes,,,,,Yes,Yes,,Yes,Yes,,Yes,Yes,Yes,Yes,Yes,Yes,,,Yes,,,Yes,,Yes,,,24,Very good (condition state 1),0,0,4700,230 hp / 170 kW,10,6,.....16150,6,8300,7 h,100,8,X7.624 VT-Drive Stage V,710/65/42,6,600/65/30,100,13000
McCormick X5.085 NEUMASCHINE,EUR 64.141,,53.900 excl. VAT 19%, 75 hp/56 kW,2023,5,,,https://static.landwirt.com/4111-ef222b50eb599006cc7862e1a03b778b-4426116-0.jpg,"PTO shaft speed (rpm): 540/1000, Front loader, Drive: All-wheel drive, Air conditioner, Air-suspended seat, 40 km/h, ...","https://www.landwirt.com/en/used-farm-machinery,4426116,McCormick-X5085-NEUMASCHINE.html","Geschwindigkeit: 40, 
Frontladertyp: MI5im, 
Gänge vorwärts: 48, 
Gänge rückwärts: 16, 
Motorhersteller: FPT, 
Motor-Zylinderanzahl: 4, 
Arbeitsscheinwerfer 2x hinten, 
Arbeitsscheinwerfer 2x vorn, 
Heizung, 
Kabine, 
Teil-Lastschaltgetriebe, 
Parallelführung, 
Rundumleuchte, 
Wendeschaltung, 
Diesel, 
Zugmaul - automatisch, 
höhenverstellbare Anhängevorrichtung, 
Dreipunkt-Außenbedienelement, 
Heckzapfwelle-Außenbedienung, 
Oberlenker mechanisch (hinten), 
Einhebelsteuergerät (mechanisch)
________
4 Zylinder Turbo FPT 3,4L Hubraum
48/16 - 40 Km/H - H/M/L Powershift
540/1000 U/min.
Kabine mit Klimaanlage, Luftsitz
2x DW-Steuergeräte
mech. Hubwerksregelung
AHK Automatisch, Oberlenker

MI5im-Frontlader 
- Parallelführung
- 3. Hydraulikkreislauf
- mech. Verriegelung

Gerne kümmern wir uns auch um den Transport Ihrer neuen Maschine und liefern diese gegen Mehrpreis bei Ihnen an!

Preis gilt für vorhandenen Zustand. Angebot freibleibend. Irrtümer, Änderungen und Zwischenverkauf vorbehalten. Alle Angaben ohne Gewähr.",,,,,,,,,,,,,,Yes,,Yes,,,Yes,,,,,,,,,,Yes,,,,,,,,,,,,,,,,Yes,,,Yes,,,,,,,2023,,,,,,75 hp / 56 kW,,,5 h,480/70 R34,2,380/70 R24,,,X5.085 NEUMASCHINE
McCormick X 6.430,EUR 57.500,,"48.319,33 excl. VAT 19%", 130 hp/96 kW,2015,2745,Agratec Salching,94330 Salching,https://static.landwirt.com/3899-c3c4a65c39d35f5561ece0738d57a1aa-4395171-0.jpg,"Drive: All-wheel drive, Three-point hitch (electronic hitch control), 40 km/h, Pneumatic (air) brake, Front loader console, Front loader, Suspended front axle, Air-suspended seat, ...","https://www.landwirt.com/en/used-farm-machinery,4395171,McCormick-X-6430.html",,,Yes,,,,,,Yes,,,,,,,,,,,,,,,Yes,,,,,Yes,,,,Yes,Yes,,Yes,,,,,Yes,Yes,,,,,,,,,,2015,,,,,,130 hp / 96 kW,,,,,2745 h,,,,X 6.430,600/65 R34,3,480/65 R24,
MC CORMICK CX 65 L,EUR 36.000,,30.000 excl. VAT 20%,,,,"Unser Lagerhaus WHG, Kärnten, Klagenfurt",9020 Klagenfurt,https://static.landwirt.com/3559-ae07cfb69ed671875bfd23cd0120854d-4387778-0.jpg,...,"https://www.landwirt.com/en/used-farm-machinery,4387778,MC-CORMICK-CX-65-L.html","ca. 2900 Stunden
Mammut Frontlader 
SWE Euro Fronthubwerk + 4 Leitungen
2 DW Steuergeräte
Bereifung 420/70 R30 u. 360/70 R20; Informieren Sie sich bitte vor Fahrt-Antritt telefonisch, ob die von Ihnen angefragte Gebrauchtmaschine aktuell bei uns am Lager steht. Wir inserieren auch Maschinen, die sich noch beim Vorbesitzer bzw. in einer unserer Landtechnik-Niederlassungen befinden; Artnr.:19034338, Standort der Maschine: Werkstätte Hermagor",,,,,,,,,,,,,,,,,,,,,,,,,,,,,,,,,,,,,,,,,,,,,,,,,,,,,,,,,,,,CX 65 L,,,,,,,,,,
McCormick CX 95 XS,,,,,,2650,,,https://static.landwirt.com/5331-c986822573ee85845ebc15a02207b604-4376027-0.jpg,"40 km/h, ...","https://www.landwirt.com/en/used-farm-machinery,4376027,McCormick-CX-95-XS.html",,,,,,,,,,,,,,Yes,,,,,,,,,,,,,,,,,,,,,,,,,,,,,,,,,,,,,,,,,,,,2650 h,70,,CX 95 XS,,2,,80,,,,,,
McCormick X5.085,EUR 59.772,,49.810 excl. VAT 20%, 75 hp/56 kW,2023,7,,,https://static.landwirt.com/8176-c316135ac70681b800e3d104db573ba8-4361984-0.jpg,"Drive: All-wheel drive, 40 km/h, Three-point hitch (electronic hitch control), PowerShift transmission, Platform: Cabin, PTO shaft speed (rpm): 540/540E, Turbocharger with intercooler, emission stage: Tier5, ...","https://www.landwirt.com/en/used-farm-machinery,4361984,McCormick-X5085.html","Top Ausstattung:

McCormick X5.085 , Neu  ,Ohne Ad Blue, 

Motor FPT, 4 Zylinder, Hubraum 3.400 cm3, 75 PS/55KW,
Abgasstufe 5, DOC, AGR, Ohne SCR
24/24-Gang-Getriebe mit Hi-Lo - 40 km/h
2-fach-Powershift Underdrive 
Elektrohydraulische Wendeschaltung (RPS) 
RS57M-GD006 Elektronische Hubwerksregelung EHR (inkl. Automatisches
Zapfwellenmanagement)
3 Steuergeräte (1 Schwimmstellung mit Mengenregler, 2 Kick out)
Geschwindigkeitssteckdose ISO
2 Zwischennachssteuergeräte ew7dw Standard mit
Einhebelsteuergerät
Fahrersitz luftgefedert mit OPS und zwei Armlehnen
Beifahrersitz
Heckscheibenwischer
Klimaanlage
Kopfstütze 
RS57M-VG533 6 Arbeitsscheinwerfer 2 vonre + 2 hinteres Dach (STD) + 2
an den Griffen (LED)
Bereifung 380/70R24 - 480/70R34

Auspuff seitlich nach oben
Allradvorderachse mechanisch
Dreipunkt Kat. 2 mit Schnellkupplern, Oberlenker
mechanisch
Hubstrebe mechanisch
2 Zusatzhubzylinder
Anhängekupplung EEC automatisch,
schnellhöhenverstellbar, drehbar, Zugmaul mit Bolzen 31.,5mm
Zapfwelle 540/1000 U/min
Zapfwelle elektrohydraulsich
Kabine mit ausstellbarer Frontscheibe

Radiovorbereitung (inkl. Lautsprecher und Antenne)
Vorderrad-Kotflügel schwenkbar

Sofort Verfügbar.",,,,,Yes,Yes,,,,,,Yes,,,,Yes,,,Yes,Yes,,,Yes,,,,,Yes,Yes,Yes,Yes,,,Yes,,Yes,,,,,,,,Yes,,Yes,,,Yes,,75 hp / 56 kW,2,4,,2,3750,7 h,100,2,X5.085,480/70R30,2,380/70R20,100,5800,2023,,2,0,
McCormick CX 105 med rigtig fine brede dæk,EUR 24.093,,, 105 hp/78 kW,2006,2407,,,https://static.landwirt.com/8401-a738772e2cf6073df20b5a406d529c63-4327102-0.jpg,...,"https://www.landwirt.com/en/used-farm-machinery,4327102,McCormick-CX-105-med-rigtig-fine-brede-daek.html","== Flere oplysninger (DK) ==

Er til salg: Til salg nu
McCormick CX 105. Den er registreret første gang den 27/10-2006 og vi har den originale registreringsattest til den. I bag er der 2 dobbeltvirkende fjernudtag
fri retur
vognbremseventil og 540/540E/1000 omd. PTO. På kabinen er der teleskopspejle
rotorblink og 2 arbejdslygte bagud samt 4 fremad. Inde i kabinen er der luftsæde og passagersæde. Vi hjælpe gerne med Danmarks bedste brugt finansiering hvis det ønskes og vi tager meget gerne dine brugte traktorer i bytte og Køb-Salg-Bytte-Udlejning
se altid over 100 brugte traktorer til salg på vores webside limas.dk We live in Denmark only 78km from the Danish-German border crossing in Flensburg and only 38km from Billund Airport - BLL. You are very welcome to come and visit us
then you can see the machine physically for yourself. If you wish
we will be happy to send a lot of pictures and video of it on Wats-App or email
Med førerhus
Vendegear
Frontvægte",,,,,,,,,,,,,,,,,,,,,,,,,,,,,,,,,,,,,,,,,,,,,,,,,,,2407 h,,,CX 105 med rigtig fine brede dæk,,,,,,2006,,,,,105 hp / 78 kW,,,,,
McCormick CX 105 XtraShift,EUR 36.000,,excl. VAT/ mediation, 102 hp/75 kW,2005,6100,Jedinger Landtechnik GmbH,4682 Geboltskirchen,https://static.landwirt.com/3537-1511af6a3d42d57c282ec2621a6a753f-4315452-0.jpg,"Drive: All-wheel drive, 40 km/h, Front hydraulic equipment, Front PTO (power take-off), Three-point hitch (electronic hitch control), PowerShift transmission, Platform: Cabin, PTO shaft speed (rpm): 540/750, ...","https://www.landwirt.com/en/used-farm-machinery,4315452,McCormick-CX-105-XtraShift.html","Mc Cormick CX 105, 
Gebrauchttraktor, Baujahr 2005, Ca. 6100 Betriebsstunden 
Privatverkauf (Standort beim Endkunden)
Großer Service bei 6.000h durchgeführt
Lastschaltgetriebe mit 4 Gängen, 3 Lastschaltstufen und 3 Gruppen vorwärts und rückwärts

Mit Stoll Frontlader FZ 30 mit Parallelführung und 3. Funktion
Mit elektrischem Kreuzhebelsteuergerät (umschaltbar zw. Fronthydraulik und Frontlader)
Mit Hinterachsabstützung 
Mit Druckluftbremse
Mit hydraulischer Anhängerbremse 
Mit Powershuttle
Mit Klimaanlage 
Mit Fronthydraulik und Frontzapfwelle inkl. 1x doppelt wirkendem Anschluss vorne
Mit EHR inkl. beidseitiger Außenbedienung an den Heckkotflügeln
Mit 3 mechanischen Hecksteuergeräten
Mit Luftsitz
Mit 4x Arbeitsscheinwerfer hinten und 4x ASW vorne

Bereifung vorne 440/65 R24 90% und hinten 600/65 R34 30%

ACHTUNG: Standort beim Endkunden, vor der Besichtigung bitte um Terminabsprache!",,Yes,,Yes,Yes,Yes,,,,Yes,Yes,Yes,,,,,,Yes,,,,,,,,,,Yes,Yes,,Yes,Yes,,,,Yes,Yes,Yes,,Yes,,Yes,Yes,Yes,,Yes,Yes,,Yes,Yes,,2,4000,102 hp / 75 kW,4,4,6100 h,90,4,440/65 R24,30,,CX 105 XtraShift,60065 R34,5,2,,2005,Good (condition state 2),
McCormick MTX 140,EUR 29.750,,25.000 excl. VAT 19%, 145 hp/107 kW,2001,11750,,,https://static.landwirt.com/4445-d4ae3ec7459a5f73d4a1000092ee4f22-4313876-0.jpg,"40 km/h, ...","https://www.landwirt.com/en/used-farm-machinery,4313876,McCormick-MTX-140.html","Geschwindigkeit: 40, 
Gänge vorwärts: 16, 
Gänge rückwärts: 12
________
interne Nummer 29157 - in serienmäßiger Ausstattung - zusätzlich mit Fronthydraulik - 1 und 2 Kreis Druckluftbremsanlage - 3 dw. Hecksteuergeräte - gefederte Vorderachse - Kabine mit Klimaanlage - Rundumleuchte",,,,,,,,,,,,,,,,,,,,,,,,,,,,,,Yes,,,,,,,,,,,,,,,,,,,,,2001,,,,,,145 hp / 107 kW,,,,,11750 h,50,,,MTX 140,580/70R38,,480/70R28,30
McCormick CX 110,EUR 52.241,,43.900 excl. VAT 19%, 102 hp/75 kW,2012,1777,,,https://static.landwirt.com/3586-a225cc289e8f974fb8d70aabadb36f04-4300118-0.jpg,"Drive: All-wheel drive, Front loader console, PTO shaft speed (rpm): 540/1000, Front loader, 40 km/h, ...","https://www.landwirt.com/en/used-farm-machinery,4300118,McCormick-CX-110.html","Geschwindigkeit: 40, 
Arbeitsscheinwerfer 2x hinten, 
Arbeitsscheinwerfer 4x vorn, 
Dreipunkt / Heckhubwerkanhängung, 
Hitch, 
Kabine, 
Diesel, 
Oberlenker mechanisch (hinten), 
3. Steuerkreis
________
Motorheizung",,Yes,,,,,,,,,,,,,,,Yes,,,,,,,,,,,,,,,,,,Yes,,,,Yes,,,,,,,,,Yes,,,,,,,102 hp / 75 kW,,,1777 h,60,3,440/65 R24,70,,CX 110,600/65 R34,,,,2012,
McCormick CX 80 T3  L,EUR 36.500,,"32.300,88 excl. VAT/ mediation", 75 hp/56 kW,2013,740,Landtechnik Eidenhammer GmbH,5274 Burgkirchen,https://static.landwirt.com/3517-f3b4b7d0e70ba617559f75c6121462b1-4284591-1.jpg,"Drive: All-wheel drive, 40 km/h, Turbocharger, Front hydraulic equipment, Platform: Cabin, bolt size hitch (mm): 32mm, hitch: manually, radio, ...","https://www.landwirt.com/en/used-farm-machinery,4284591,McCormick-CX-80-T3-L.html","Mc Cormick CX80L
- in serienmäßiger Ausführung
- BJ 2013 / 740 BH
- Hubraum 3,4l - 4 Zylinder Motor 75 PS
- mit Komfortkabine - Heizung/Lüftung
- Ber. 420/70R30 u. 360/70R20 90%
- Synchronwendegetriebe 15V + 15R 40km/h
- 2 Steuergeräte 4 Anschlüsse
- Hydrac Fronthubwerk m. Einhebelsteuergerät
- 2 Leitungen n. vo.
- Niedrige Bauhöhe 2,38 m
STANDORT ST. VEIT I. PG. !! PROMPT VERFÜGBAR !!",,,,,Yes,,,,,,,,,,,Yes,,,,,,,,,,,Yes,Yes,,Yes,Yes,,,,,,,Yes,Yes,Yes,,,,,,,,,,,740 h,90,,CX 80 T3  L,420/70R30,2,360/70R20,90,,2013,Good (condition state 2),,,,75 hp / 56 kW,,,,,
McCormick MTX 140,EUR 43.911,,36.900 excl. VAT 19%, 147 hp/109 kW,2001,11900,,,https://static.landwirt.com/3586-f2c4c3bdc1ec13cdff3d89d3a5568da9-4271924-0.jpg,"Suspended front axle, Air conditioner, PowerShuttle, Drive: All-wheel drive, PowerShift transmission, 40 km/h, ...","https://www.landwirt.com/en/used-farm-machinery,4271924,McCormick-MTX-140.html","Geschwindigkeit: 40, 
Gänge vorwärts: 16, 
Gänge rückwärts: 12, 
Erstzulassung: 2001, 
Laststufen: 4, 
Druckluftanlage (1-Kreis), 
Druckluftanlage (2-Kreis), 
Arbeitsscheinwerfer 2x hinten, 
Arbeitsscheinwerfer 2x vorn, 
Dreipunkt / Heckhubwerkanhängung, 
Hydraulische Lenkung, 
Kabine, 
Radio, 
Diesel, 
Zugmaul - automatisch, 
höhenverstellbare Anhängevorrichtung, 
Oberlenker mechanisch (hinten), 
Frontkraftheber (ohne Oberlenker)
________
FKH, HVAK, Klima, Radio, 1 Satz Pflegeräder",,Yes,,Yes,,,,,,Yes,,,,,,,Yes,,,,,,,,,,Yes,,,,,,,,,,,,Yes,,,,,,,,,,,,147 hp / 109 kW,,,,,,11900 h,60,,MTX 140,580/70R38,3,480/70R24,5,,2001,,,,
McCormick X7.670 VT-Drive T4 final,,,, 176 hp/130 kW,2019,1500,,,https://static.landwirt.com/4839-19f30c01855c8abe447699fff5c73550-4264009-0.jpg,"Drive: All-wheel drive, 50 km/h, Front hydraulic equipment, Front PTO (power take-off), Three-point hitch (electronic hitch control), Continuously variable transmission, Platform: Cabin, PTO shaft speed (rpm): 540/540E/1000/1000E, ...","https://www.landwirt.com/en/used-farm-machinery,4264009,McCormick-X7670-VT-Drive-T4-final.html","Der McCormick X7.670 VT-Drive T4 final ist ein leistungsstarker Standardtraktor mit 176 PS und einem Baujahr von 2019. Mit nur 1500 Betriebsstunden ist er in einem besonders guten Zustand (Klasse 1). Ausgestattet mit einem stufenlosen Getriebe und Allradantrieb bietet der Traktor eine Höchstgeschwindigkeit von 50 km/h. Weitere Features sind eine Turbolader mit Ladeluftkühlung, elektrische Kreuzsteuerhebel, eine Druckluftbremse, Fronthydraulik und Frontzapfwelle, gefederte Vorderachse, Klimaanlage, Kriechgang, EHR, Motorstaubremse, Luftsitz, 4-Rad Bremse, druckloser Rücklauf, Powershuttle, Kabinenfederung, AdBlue und ISOBUS. Mit einer Zapfwellendrehzahl von 540/540E/1000/1000E ist der Traktor vielseitig einsetzbar und bietet dem Landwirt eine hohe Flexibilität.",,Yes,Yes,,,Yes,,Yes,Yes,Yes,Yes,,Yes,,,,,Yes,,Yes,,,,,Yes,,Yes,,Yes,,,,Yes,Yes,Yes,Yes,Yes,,,Yes,Yes,,,Yes,,,,,,Yes,1500 h,70,6,X7.670 VT-Drive T4 final,710/65/42,6,600/65/30,70,12500,2019,Very good (condition state 1),,1,5000,176 hp / 130 kW,10,6,,6,7500
McCormick C95 Max,,,, 95 hp/70 kW,,2800,,,,"Drive: All-wheel drive, PTO shaft speed (rpm): 540, ...","https://www.landwirt.com/en/used-farm-machinery,4239848,McCormick-C95-Max.html","Standardkabine - Segmentscheibenwischer - Rücklauf Heck drucklos - Steuergeräte 2x DW - Zugmaul - ""Alle Angaben ohne Gewähr"" - *Für weitere Informationen - kontaktieren Sie uns gerne* - hydraulische Lenkung - Reifen Hersteller: Trelleborg - Anzahl Zylinder: 4 - Auspuff: oben - Hydraulische Anhängerbremse - Radio - Halter Rundumkennleuchte: links - Rundumkennleuchte: links - Wendeschaltung: mechanisch - Kabinenart: Standard -",,,,,,,,,Yes,,,,,,,,,,,,,,,,,,,,,,,,,,,,Yes,,,,,,,,,,,,,,,,95 hp / 70 kW,,,,2800 h,90,,80,,C95 Max,270/95R48,2,270/95R32,,,,,
"McCormick X2,30",EUR 32.500,,"27.310,92 excl. VAT 19%", 48 hp/36 kW,2022,,,,https://static.landwirt.com/4148-5f18b33e61957d2e96c47cc236c90b02-4230774-0.jpg,"Drive: All-wheel drive, 30 km/h, Creep speed, Platform: Cabin, ...","https://www.landwirt.com/en/used-farm-machinery,4230774,McCormick-X230.html",,,,,,,,,,,,,,,,,,,,,,,,,,Yes,,,,,,Yes,,,,,,Yes,,,,,,Yes,,,,,,,,,100,,"X2,30",,3,,,2022,,,,,,48 hp / 36 kW,,,,100,
McCormick X6.415 P6-Drive,EUR 116.620,,98.000 excl. VAT 19%, 155 hp/114 kW,2023,5,,,https://static.landwirt.com/6195-b894793a2117f93ba523f0988b1d05d8-4209726-0.jpg,"Drive: All-wheel drive, 50 km/h, Three-point hitch (electronic hitch control), PowerShift transmission, Platform: Cabin, PTO shaft speed (rpm): 540/540E/1000/1000E, Turbocharger with intercooler, emission stage: Tier5, ...","https://www.landwirt.com/en/used-farm-machinery,4209726,McCormick-X6415-P6-Drive.html","Mc Cormick X6.415 P6 
Motor FPT NEF 45, max. Leistung 135 PS / 100 kW, mit Boost 145 PS / 107 kW (ISO TR14396),
4.500 cm³, 4 Zylinder, 16 Ventile, Stufe V, TACR, HI-eSCR2
Stop & Action
Getriebe mit Höchstgeschwindigkeit 50 km/h, Begrenzung auf 40 km/h Eco möglich
P6-Drive Getriebe, 24/24-Gang-Getriebe mit 6 Lastschaltstufen, 4 Gänge und RPS
Elektrohydraulische Wendeschaltung (RPS)
Zapfwelle 540/540E/1000/1000E U/min
Zapfwelle elektrohydraulisch
Allradvorderachse Hydralock gefedert mit integrierter Vorderachsbremse
Dreipunkt Kat. 3 mit Schnellkupplern
Elektronische Hubwerksregelung EHR mit Bedienknöpfen am hinteren Kotflügel(inkl.
Automatisches Zapfwellenmanagement
CCLS Load Sensing Hydraulikanlage mit Verstellkolbenpumpe 114 l/min + 44 l/min
Zahnradpumpe für die Lenkung
5 Steuergeräte im Heck (1 x Schwimm. mit Mengenregler, 1 x Kickout / Schwimm. mit
Mengenregler, 1 x Std mit Mengenregler, 2 x elektronisch)
Druckluftbremsanlage 2-Kreis-System
Anhängerkupplung, Zugmaul automatisch mit Bolzen 38 mm, drehbar, Höhenverstellung
Deluxe-Fahrersitz luftgefedert, schwenkbar, mit Armlehnen, Sicherheitsgurt und OPS
Beifahrersitz
Teleskopaußenspiegel und Rückspiegel in der Kabine
High Vision"" Kabine mit Panoramadach, Sonnenrollo und ausstellbarer Dachscheibe
Klimaanlage
High Vision Panoramadach mit zusätzlich zu öffnender Dachluke
Smart Pilot PLUS Joystick mit Armlehne für Steuerung von: Getriebe, Heckkraftheber &
Zapfwelle, RPS, HMF, Motordrehzahlspeicher, Steuergeräte
10 Halogenleuchten: 4 Dach vorne, 4 Dach hinten, 2 Motorhaube
480/65R28 - 600/65R38 - Festfelgen",Yes,,,,,Yes,Yes,Yes,Yes,,Yes,,Yes,,Yes,,Yes,Yes,,Yes,Yes,,Yes,,,Yes,Yes,,,,,Yes,,Yes,,,,Yes,Yes,Yes,,,Yes,,Yes,,,Yes,,Yes,,2023,Very good (condition state 1),,0,2,,155 hp / 114 kW,6,4,,5 h,100,4,100,,X6.415 P6-Drive,600/65R38,5,480/65R28
McCormick MC 130,EUR 59.500,,"52.654,87 excl. VAT/ mediation", 130 hp/96 kW,2012,4050,Christoph Heindl Landtechnik GmbH,3321 Stephanshart,https://static.landwirt.com/3468-7cb1537a743a2052a146ac33b1803d9f-3566826-0.jpg,"Drive: All-wheel drive, 40 km/h, Front hydraulic equipment, Front PTO (power take-off), Three-point hitch (electronic hitch control), PowerShift transmission, Platform: Cabin, PTO shaft speed (rpm): 540/1000, ...","https://www.landwirt.com/en/used-farm-machinery,3566826,McCormick-MC-130.html","McCormick MC130 in sehr gutem Zustand !

- 16/16 Gang Getriebe = 4 Gänge 4 Lastschaltstufen
- Powershuttle
- hydr. Bremse
- 5x dw Steuergeräte + druckloser Rücklauf
- Fronthydraulik (+1dw vorne) inkl. Abstützung nach hinten
- Frontzapfwelle 
- Klimaanlage
- Luftsitz
- Zapfwelle 540/1000
- automatische Anhängekupplung
- hydr. Oberlenker
- Bereifung 600 65 R38 und 480 65 R 28 
- Dach mit Glasluke
- volles Scheinwerferpaket
- Erstbesitz
- Serviceheftgepflegt; jedes Service in Fachwerkstätte durchgeführt
- 4 Zylinder ohne AdBlue

Der Preis der Maschine bezieht sich auf den technischen Zustand und die Ausrüstung wie lagernd. Standort Albersberg.
Aus etwaigen Irrtümern und falschen Angaben entstehen keinerlei Ansprüche.",,Yes,,,Yes,,,Yes,Yes,,,Yes,,Yes,Yes,Yes,Yes,,,,Yes,,Yes,,,Yes,,,,,,,,Yes,Yes,Yes,Yes,Yes,Yes,,Yes,,,Yes,,,,Yes,,Yes,4050 h,60,,480 65 R28,60,,MC 130,600 65 R38,5,1,,2012,,,,,,130 hp / 96 kW,,4
McCormick X5.40,,,, 107 hp/79 kW,2022,5,,,https://static.landwirt.com/4981-99b1ff1b3138869ebe97da89b8916e0d-4128027-0.jpg,...,"https://www.landwirt.com/en/used-farm-machinery,4128027,McCormick-X540.html","McCormick traktor,  Krone bálázó KC-Békés Kft

Kedves Gazdálkodók!

A KC-BÉKÉS KFT. új és használt mezőgazdasági gépek, alkatrészek és traktorok értékesítésével, országos szállítással, rövid határidőn belül, szerviz, hitel, lízing és pályázati lehetőséggel áll az Önök rendelkezésére. Leírás (műszaki adatok, dimenzió vagy egyéb fontos paraméter):

MC.Cormick X.5 traktor, illetve Krone bálázó eladó. Bármely méretben és típusban megtekinthető telephelyünkön. Keresse kollégáinkat, hogy a legjobb árat adhassuk Önöknek.

Érdeklődni:
Kukla László: 303529994",,,,,,,,,,,,,,,,,,,,,,,,,,,,,,,,,,,,,,,,,,,,,,,,,,,2022,,,,,107 hp / 79 kW,,,,,,5 h,,,X5.40,,,,,
McCormick CX 105,EUR 36.000,,30.000 excl. VAT 20%, 101 hp/75 kW,2005,9660,Leopold Lunzer GesmbH,2572 Kaumberg,https://static.landwirt.com/3510-c61d34ce6bf15c1c36315b0520bccc5c-4099256-0.jpg,"Drive: All-wheel drive, 40 km/h, Front hydraulic equipment, Front PTO (power take-off), Three-point hitch (electronic hitch control), PowerShift transmission, Pneumatic (air) brake, Air conditioner, ...","https://www.landwirt.com/en/used-farm-machinery,4099256,McCormick-CX-105.html","McCormick CX105 - Allrad, 3 Steuergeräte, 40 km/h, Lastschaltgetriebe, Synchrongetriebe, EHR, hydr. Bremsventil, Powershuttle, Frontzapfwelle, Klimaanlage, Fronthydraulik, Druckluftbremse, Einhebelsteuerung für FH, mit HA-Hydrac abnehmbar, Lastschaltung + Powershuttle, Bereifung: 440/65-24   80 % VF; 600/34 90% Fixfelge.",,,,,,,,Yes,,,,Yes,,,,,Yes,Yes,,Yes,,,,Yes,,Yes,,,Yes,,,,,Yes,,,,,,,Yes,,,,,,,,,,9660 h,80,,CX 105,600/65-34,,440/65-24,90,,2005,,,,,101 hp / 75 kW,,,,,
McCormick X6.135 Xtrashift,EUR 89.000,,"74.166,67 excl. VAT 20%", 127 hp/94 kW,2024,10,,,https://static.landwirt.com/3566-2d1b4b3e1dc47fa7dffd6d5f8615da1f-4101513-0.jpg,"Drive: All-wheel drive, 40 km/h, Front hydraulic equipment, Front PTO (power take-off), Three-point hitch (electronic hitch control), PowerShift transmission, Platform: Cabin, PTO shaft speed (rpm): 540/540E/1000/1000E, ...","https://www.landwirt.com/en/used-farm-machinery,4101513,McCormick-X6135-Xtrashift.html","Motor FPT F36, 127PS,
36/12 Getriebe, 3fach Powershift 40 km/h
Vierradbremse, EHR mit Zapfwellenautomatik,
Anhängekupplung 38mm, 
110 lt. Loadsensing, 5 Steuergeräte,
Luftsitz, Beifahrersitz, Klima,
2 Leiter DL, 4fach Zapfwelle,
LED Arbeitsscheinwerfer
Bauhöhe 273cm",Yes,Yes,Yes,Yes,,,,,,Yes,,,,Yes,Yes,Yes,Yes,,Yes,,Yes,,,Yes,,Yes,Yes,,,,,,Yes,Yes,Yes,,Yes,Yes,,,,,Yes,Yes,Yes,,Yes,,,,100,,X6.135 Xtrashift,540/65R38,5,480/65R24,,2024,Very good (condition state 1),,,,,127 hp / 94 kW,,,,10 h,100,
McCormick C 100 MAX,EUR 42.245,,35.500 excl. VAT 19%, 93 hp/69 kW,2014,2889,,,https://static.landwirt.com/4112-166fe29e3967df282ac1b08b6783e964-4037240-0.jpg,"40 km/h, ...","https://www.landwirt.com/en/used-farm-machinery,4037240,McCormick-C-100-MAX.html","Geschwindigkeit: 40, 
Erstzulassung: 04.08.2015
________
24/12 40 km/h - Schaltgetriebe,
Zapfwelle: 540/540E U/min.,
2 dw. Steuergeräte,
Klimaanlage,
Oberlenker Heck,
autom. Anhängekupplung,
Frontlader (Alö Quicke Q39),
Einhebelsteuergerät (mech.),
3. Steuerkreis,
Hydrofix,",,,,,,,,,,,,,,,,,,,,,,Yes,,,,,,,,,,,,,,,,,,,,,,,,,,,,,,,,2014,,,,,,93 hp / 69 kW,,,2889 h,1,,440/65R24,50,,C 100 MAX,540/65R34
McCormick X5.085,,,, 75 hp/56 kW,2023,2,Argo GmbH,4490 Oberweidelham,https://static.landwirt.com/8263-543992d6b2d6a39ae531bcbe91c95fd4-3959497-0.jpg,"Drive: All-wheel drive, 40 km/h, Turbocharger, Three-point hitch (electronic hitch control), PTO shaft speed (rpm): 540/540E/1000, top link rear: mechanically, Joystick: mechanically, hitch: automatic, ...","https://www.landwirt.com/en/used-farm-machinery,3959497,McCormick-X5085.html","Zum Verkauf steht ein neuer McCormick X5.085

FPT 4-Zylinder 3.4Ltr. 75PS, 380Nm, ohne AdBlue
Getriebe: 24x24 mit 2 fach Lastschaltung,PowerShuttle und elektr. Kupplungsbetätigung über Schalthebel
Hydraulikpumpe 56 l./min. (Lenkung 32 l./min.)
Heckkraftheber MHR mit 3.900kg
Räder 480/70 R30 und 380/70 R20

Optional inkl. Montage:

Frontlader: 8.000€ netto
Frontkraftheber: 3.000€ netto
(Frontzapfwelle: 2.500€ netto)

Preis ist netto zzgl. MwSt.",,,,Yes,Yes,Yes,,,Yes,,,Yes,Yes,,,,Yes,,Yes,Yes,Yes,Yes,Yes,Yes,,,,,,,,,,,,Yes,,,,Yes,Yes,Yes,Yes,Yes,,,,Yes,,,2 h,100,2,,X5.085,480/70 R30,5,380/70  R20,100,2023,Very good (condition state 1),,,,,75 hp / 56 kW,2,4,,
McCormick X5.100,EUR 91.500,,76.250 excl. VAT 20%, 95 hp/70 kW,2023,60,,,https://static.landwirt.com/3406-7ac8fe62ebb539c427ea27cdd9c78a96-3974908-0.jpg,"Drive: All-wheel drive, 40 km/h, Three-point hitch (electronic hitch control), Front hydraulic equipment, Front PTO (power take-off), PTO shaft speed (rpm): 540/540E/1000/1000E, top link rear: mechanically, Joystick: mechanically, ...","https://www.landwirt.com/en/used-farm-machinery,3974908,McCormick-X5100.html","* Vorführmaschine baugleich mit Landini 5-100
* FPT-Motor mit 3,6Liter Hubraum
* 40km/h mit reduzierter Drehzahl
* Power-Shuttle-Getriebe mit 3-fach Lastschaltung
* 4-Radbremse im Ölbad an Vorder- und Hinterachse
* automatische Allradzuschaltung bei Bremsen
* elektrohydraulische Zapfwellenbedienung
* Heckhubwerk mit Zusatzhubzylinder, 4,5t Hubleistung und EHR
* 62 l/min + 32 l/min Hydraulikpumpe offenes System
* Frontkraftheber + Frontzapfwelle 1000U/min
* Kabine mit Klimaanlage, Heizung, Heckscheibenwischer und mechanischer Kabinenfederung
* 2-Kreis hydraulische Anhängerbremse
* 2-Leiter Druckluftbremsanlage",Yes,,,Yes,,,Yes,,Yes,,,Yes,Yes,Yes,Yes,,Yes,Yes,,,,,Yes,Yes,Yes,,Yes,,,,Yes,Yes,Yes,Yes,,Yes,,,,Yes,Yes,Yes,,Yes,Yes,Yes,Yes,,Yes,,X5.100,540/65R34,5,440/65R24,99,7000,2023,Very good (condition state 1),,0,2600,95 hp / 70 kW,4,4,ZNZVD57C0P0017069,0,4400,60 h,99,2
McCormick X6.414 P6-Drive,EUR 135.000,,112.500 excl. VAT 20%, 146 hp/108 kW,2023,10,,,https://static.landwirt.com/3566-8c6dd2b479925b3c7c126b8516c2d641-3874922-2.jpg,"Drive: All-wheel drive, 50 km/h, Three-point hitch (electronic hitch control), Front hydraulic equipment, Front PTO (power take-off), PTO shaft speed (rpm): 540/540E/1000/1000E, top link rear: hyraulic, Joystick: electric, ...","https://www.landwirt.com/en/used-farm-machinery,3874922,McCormick-X6414-P6-Drive.html","FPT 4.5lt engine Stage V
P6 24/24 transmission with automatic mode,
4x PTO shaft, Cat 3 quick coupler,
automatic Towing hitch, deluxe driver's seat,
Passenger seat, radio, 5 electric. control devices,
found Front axle 50 km/h, FH+FZW,
hydr. Top link, automatic side stabilizers,
2 conductor DL, automatic air conditioning, mech. cabin suspension,
Smart Pilot PLUS joystick with armrest for controlling the transmission, rear power lift & PTO, RPS, HMF, engine speed memory and control devices, 14 LED headlights, 12 inch Isobus monitor, pre-equipment steering system,
480/65R28 - 600/65R38",Yes,,,Yes,Yes,Yes,Yes,Yes,Yes,Yes,,,Yes,Yes,Yes,,,,,,,Yes,Yes,,,Yes,Yes,,Yes,,Yes,Yes,Yes,,,Yes,,Yes,Yes,,,,,Yes,Yes,Yes,,,Yes,,,2023,,,,,,146 hp / 108 kW,,,,10 h,,,,,X6.414 P6-Drive,,,
McCormick X5.085,EUR 55.900,,"46.974,79 excl. VAT 19%", 75 hp/56 kW,2023,,,,https://static.landwirt.com/3581-d7e150ed15679fcfb2fec3195ac1b5ed-3887965-0.jpg,"Drive: All-wheel drive, 40 km/h, PTO shaft speed (rpm): 540/750, bolt size hitch (mm): 38mm, top link rear: mechanically, Joystick: mechanically, hitch: automatic, PowerShift transmission, ...","https://www.landwirt.com/en/used-farm-machinery,3887965,McCormick-X5085.html","McCormick X5.085 Traktor -FPT Motor 4 Zylinder 3400cm³ 75PS / 55KW Abgasstufe 5 ohne AdBlue -24/24 Gang-Getriebe 2-fach Lastschaltung -elektrohydr. Wendeschaltung 40 km/h -Zapfwelle 540 / 750 elektrohydr. schaltbar -externe Zapfwellenschaltung am Kotflügel li und re. -elektrohydr. Allradschaltung -Kraftheber m. mech. Hubwerksregelung -2 Zusatzhubzylinder -externe Bedienung am Kotflügel hinten rechts -Kabine m. ausstellbare Frontscheibe Luftsitz Beifahrersitz Radiovorbereitung ausstellbares Glasdach m. Sonnenblende -4 Arbeitsscheinwerfer -Teleskop-Außenspiegel -2Zusatzsteuergeräte ew/dw hinten 1 Kreuzhebelsteuergerät ew/dw f. Frontlader
-automat. Anhängekupplung schnellhöhenverstellbar -Bereifung 380/70R20 vorn 480/70R30 hinten",,,,Yes,,Yes,Yes,,Yes,,,Yes,Yes,Yes,Yes,,,,,,,,,,,Yes,,Yes,Yes,,,,,,Yes,,,,,Yes,,,,,,Yes,,Yes,,,480/70R30,3,380/70R20,,,X5.085,Very good (condition state 1),3,,,2023,2,4,,,,75 hp / 56 kW,,2,
McCormick 323,EUR 5.900,,VAT not applicable, 26 hp/20 kW,1968,6272,,,https://static.landwirt.com/5076-b58e801f3d40d917abbfd79965d885c0-3869516-0.jpg,"Front hydraulic equipment, ...","https://www.landwirt.com/en/used-farm-machinery,3869516,McCormick-323.html",#NAME?,,,,,,,,,,,,,,,,,,,,,,,,,,,,,,,,,,,,,,,,,,,Yes,,,,,,,,,26 hp / 20 kW,,,,,6272 h,60,,,323,11.2-28,,5.50-16,60,1968,,,,
McCormick MTX 135,EUR 33.915,,28.500 excl. VAT 19%, 135 hp/100 kW,2004,9522,,,https://static.landwirt.com/4111-d1aa0cb8d9169fad84edec1a5c65049e-3810714-0.jpg,"Front hydraulic equipment, Air conditioner, Air-suspended seat, Pneumatic (air) brake, Three-point hitch (electronic hitch control), PTO shaft speed (rpm): 540/1000, Drive: All-wheel drive, 40 km/h, ...","https://www.landwirt.com/en/used-farm-machinery,3810714,McCormick-MTX-135.html","Geschwindigkeit: 40, 
Gänge vorwärts: 16, 
Gänge rückwärts: 12, 
Motor-Zylinderanzahl: 6, 
Arbeitsscheinwerfer 4x hinten, 
Arbeitsscheinwerfer 4x vorn, 
Frontgewichte, 
Heizung, 
Kabine, 
Teil-Lastschaltgetriebe, 
Wendeschaltung, 
Diesel, 
Zugmaul - automatisch, 
höhenverstellbare Anhängevorrichtung, 
Heckzapfwelle-Außenbedienung, 
Oberlenker mechanisch (hinten)
________
FPT 6 Zylinder,
16+12 - 40km/h,
540/1000 U/min.,
Komfortkabine mit Klimaanlage,,
3x DW-Steuergeräte, Druckluft 1+2,
EHR, Frontkraftheber mit Gewicht.

Gerne kümmern wir uns auch um den Transport Ihrer neuen Maschine und liefern diese gegen Mehrpreis bei Ihnen an!

Preis gilt für vorhandenen Zustand. Angebot freibleibend. Irrtümer, Änderungen und Zwischenverkauf vorbehalten. Alle Angaben ohne Gewähr.",Yes,,,,,,,,,,,,,Yes,,,Yes,,,,,,,Yes,,,,,,,,,Yes,,Yes,,,,,,,,,,Yes,,,Yes,,,,2004,,,,,,135 hp / 100 kW,,,,9522 h,30,,50,,MTX 135,520/85R38,3,420/85R28
McCormick X7.460 VT-Drive,,,, 166 hp/123 kW,2017,1620,,,https://static.landwirt.com/6195-991e2309dffef9c76dc1e756e2705059-3721871-0.jpg,"Drive: All-wheel drive, 50 km/h, Three-point hitch (electronic hitch control), Front hydraulic equipment, Front PTO (power take-off), PTO shaft speed (rpm): 540/540E/1000/1000E, bolt size hitch (mm): 38mm, top link rear: hyraulic, ...","https://www.landwirt.com/en/used-farm-machinery,3721871,McCormick-X7460-VT-Drive.html","McCormick needed,
Type: X7.460 VT Drive
FPT BetaPower T4i-4Zyl.-4,500cm³ 122kW/166PS (Power Plus 129kW/175PS)
Tires: 520/60 R 28 fixed rims 650/60 R 38 fixed rims
VT-Drive continuously variable transmission
Multifunctional armrest operation with EasyPilot control lever
Maximum speed 50 km/h - limit to 40 km/h Eco possible
All-wheel front axle with independent suspension IFS
Compressed air brake system 2-circuit system
PTO shaft hydraulic 540 / 540E / 1000 / 1000E rpm
Automatic PTO management (cab/fender)
Three-point Cat. 3 with quick couplers, hydraulic top link
Electronic hitch control EHR
AHK, automatic towing hitch, rotatable, height adjustment 8 times (without ball head coupling)
CCLS load sensing hydraulic system with axial rotary lobe pump 123 l/min + 44 l/min
Cab PREMIERE CAB with hydraulic cab suspension
Automatic climate control
Deluxe driver's seat with low frequency air suspension
swiveling, automatic. Height adjustment, seat belt, lumbar support, headrest
HIDE AWAY p",,Yes,Yes,Yes,Yes,,Yes,Yes,Yes,Yes,Yes,Yes,,Yes,Yes,,Yes,,Yes,,Yes,,,,Yes,Yes,,,,Yes,,Yes,,,Yes,Yes,Yes,Yes,Yes,,Yes,,,Yes,Yes,Yes,,,,,,,5,,166 hp / 123 kW,,,1620 h,80,,520/60R28,80,,X7.460 VT-Drive,650/60R38,,,,2017,Very good (condition state 1)
McCormick X5.085,,,, 75 hp/56 kW,2023,3,,,https://static.landwirt.com/6195-5f661af5f192654abb2a1eda4e51c5d9-3552822-0.jpg,"Drive: All-wheel drive, 40 km/h, PowerShift transmission, Platform: Cabin, PTO shaft speed (rpm): 540/540E, Turbocharger with intercooler, emission stage: Tier5, bolt size hitch (mm): 32mm, ...","https://www.landwirt.com/en/used-farm-machinery,3552822,McCormick-X5085.html","McCormick X5.085
 - Neumaschine verfügbar Ende April 2024 -
in serienmäßiger Ausrüstung, 
Motor FPT, 4 Zylinder, Hubraum 3.400 cm³, 75 PS / 55 kW, 
Abgasstufe 5, DOC, AGR, ohne DPF, Ohne SCR, 
Elekroydraulische Allradzuschaltung, 
Elektrohydraulisch schaltbare Heckdifferentialsperre, 
Zapfwelle 540/750 U/min, ohne Wegzapfwelle, 
Externe Zapfwellensteuerung am Kotflügel rechts und links, 
Allradvorderachse mechanisch mit Selbstsperrdifferential, 
Dreipunktaufhängung / Heckkraftheber, 
Dreipunkt Kat. 2 mit Schnellkupplern, Oberlenker mechanisch, 
mechanische Hubwerksregelung MHR, 
Hubstrebe mechanisch
Heckbetätigung für den Kraftheber mit MHR
2 Zusatzhubzylinder, 
Anhängekupplung EEC automatisch, schnellhöhenverstellbar, 
drehbar, Zugmaul mit Bolzen 31,5, 
Deluxe-Fahrersitz luftgefedert, 
mit Sicherheitsgurt und OPS, 
Beifahrersitz, 
Radiovorbereitung (inkl. Lautsprecher und Antenne), 
Heckscheibenwischer, 
Teleskop-Außenspiegel, 
Kabine mit ausstellbarer Frontscheibe, 
Ausstellbare Dachluke mit Sonnenblende, 
4 Arbeitsscheinwerfer, 2 vorne und 2 hinten, 
Hinterrad-Kotflügelverbreiterungen, 
Vorderrad-Kotflügel schwenkbar, 
McCormick rot, 
Frontscheinwerfer für Rechtsverkehr, 
Klimaanlage, 
24/24-Gang-Powershift-Getriebe mit Hi-Lo - 40 km/h, 
Mehrscheibenkupplung in Ölbad, 
2-fach-Powershift Underdrive, 
Elektrohydraulische Wendeschaltung (RPS), 
Zapfwelle elektrohydraulisch, 
2 Zwischenachssteuergeräte ew/dw Standard mit Einhebelsteuergerät, 
3 Steuergeräte ew/dw (1 Hydr. Motor mit Mengenregler, 2 Schwimmstellung), 
1 Rundumwarnleuchte, 
Frontbolzen, 1 Unterlegkeil, 
Maschine Ende April verfügbar!! 
Lieferung gegen Kostenübernahme möglich!!",,,,,,,,,,,Yes,Yes,Yes,,,,,Yes,Yes,,,Yes,,Yes,,,Yes,Yes,Yes,Yes,Yes,,,,Yes,,,,,,Yes,,,,Yes,,Yes,Yes,Yes,Yes,0,,2023,Very good (condition state 1),,,,,75 hp / 56 kW,2,,3 h,100,2,380/70R20,100,,X5.085,480/70R30,4
McCormick X7,,,, 190 hp/140 kW,2023,5,,,https://static.landwirt.com/4981-b375c886b4e9fbcbf3f11e9c07c9f528-3459845-0.jpg,...,"https://www.landwirt.com/en/used-farm-machinery,3459845,McCormick-X7.html","McCORMICK X7.617 P6 DRIVE összkerékhajtású erőgép KC-BÉKÉS KFT

A KC-BÉKÉS KFT. új és használt mezőgazdasági gépek, alkatrészek és traktorok értékesítése országos szállítással, rövid határidőn belül, szerviz, hitel, lízing pályázati lehetőséggel áll az Önök rendelkezésére.

McCORMICK X7.617 P6 DRIVE összkerékhajtású erőgép  
(140 kW / 190 LE) BSO- - Motor  
FPT BETA POWER NEF 67 motor: 6728 cm³-es, 6 hengeres, 24 szelepes Hi-eSCR2 CommonRail (STAGE V) turbódízel motor töltőlevegő visszahűtővel, nincs EGR a motorban. Névleges teljesítmény: (97/68 CE ISO TR 14396) 111 kW (151 LE) 2200 fordulat/percnél (teljesítmény managementtel) (97/68 CE ISO TR 14396) 111 kW (151 LE). Maximális teljesítmény: (97/68 CE ISO TR 14396) 114 kW (155 LE) 1900 fordulat/percnél (teljesítmény managementtel) (97/68 CE ISO TR 14396) 122 kW (165 LE) fordulat/percnél, maximális nyomaték: 652/676 Nm (1400 fordulat/percnél), viscotronic hűtés, 280 literes üzemanyagtank, 38 literes AdBlue tartály, kipufogófék pedálos.  
Hajtómű  
P6 DRIVE váltó 30/15 ZF TPT 16 típusú, APS AutoPower Shift hajtómű, 6 Powershift, 5 robotizált csoport, maximális sebesség 50 km/h ECO (1970 fordulat/percnél), PowerShuttle (terhelés alatt elektrohidraulikusan kapcsolható irányváltó).  
TLT  
4 fokozatban elektrohidraulikusan kapcsolható TLT, 1000/1000E/540/540E 1995/1600/2005/1608 motor fordulatszám mellett, automata TLT, 6 és 21 bordás 1 3/8”-os tengelycsonkkal.  
Első híd / hátsó híd / fék  
IFS (független karokkal) felfüggesztésű rugózott első híd pozíció érzékelővel (kormányszög szenzor), bolygóműves véglehajtás, elektrohidraulikusan kapcsolható első és hátsó differenciálzár, elektrohidraulikusan kapcsolható összkerékhajtás kuplung, gondozásmentes olajfürdős tárcsafék (5 db HD féktárcsa) a hátsó hídban, hidraulikus működésű üzemi és kormányfék, kettő + egykörös légfékrendszer szárítótartállyal, ABS csatlakozó, fékezéskor az összkerékhajtás bekapcsol.  
Hidraulika rendszer  
CCLS axiáldugattyús hidraulikaszivattyú 175 liter/perc (123+52) teljesítménnyel, EHR szabályzás lengéscsillapítással, közös olajháztartás a hajtóművel, 4 pár elektromosan, kartámaszról vezérelt kihelyezett gyorscsatlakozó, elektronikus mennyiség- és idővezérléssel, szabad visszafolyó ág.  
Függesztőmű / alváz / súlyok  
Szabványos három pont függesztő berendezés KAT.3, bal oldali automata, jobb oldali teleszkópos emelőkar stabilizátorokkal, alsó bekötések gyorskapcsolóval, mechanikus 3. pont bekötés, 2 db Ø 100 mm-es külső emelő munkahenger, maximális emelőképesség 9300 kg, magasságban állítható automata vonófej Ø 38 mm-es csappal, piton vonófej, lengő alsó vonórúd, normál hátsó híd, 16 x 45 kg front súly, vonószemmel és csappal, 6 x 85 kg hátsó keréksúly, TLT és hárompont emelőmű külső működtetése a hátsó sárvédőkről.  
Kabin  
Négy oszlopos prémium kabin nyitható tetőablakkal, napfényrolóval, napellenzővel, zajszint 70 dB, multicontrolleres karfával (jobb oldalt) (Easy Pilot kapcsolóval, a váltó, a hátsó 3. pont, a TLT, a kihelyezett szelepek, a motor memória, a tempomat, a táblavégi forduló kapcsolásához), digitális műszerfal, mechanikus klímaberendezéssel, FOPS leeső tárgyak elleni védelemmel, mechanikus kabinrugózás, SUPER DELUXE kifordítható légrugós vezetőülés (deréktámasszal, fejtámlával) és utasülés biztonsági övvel, hűtődoboz az ülés mellett, rádió előkészítés, teleszkóposan állítható és dönthető kormányoszlop, hátsó ablaktörlő és mosóberendezés, állítható, nagy látószögű teleszkópos visszapillantó tükrök, 16 db halogén munkalámpa (10 db a kabin tetőben, 4 db a kabin oszlopokon, 2 db a motorháztetőben), sárga forgóvillogó jobb és bal oldalon, fém szerszámos láda, rendszámtáblatartó.  
Fedélzeti technológia / Precíziós gazdálkodás  
DSM (Data Screen Management) 12”-os érintőképernyős monitor, Flotta management előkészítés.  
Gumiabroncsozás  
Elöl: 420/85R28 „waffle” állítható felni, dinamikus sárvédők.  
Hátul: 520/85R38 „waffle” állítható felni, hátsó sárvédő szélesítés.  
Méretek  
Teljes hossz: 5344 mm, Szélesség: 2550 mm, Magasság: 2942 / 3078 mm, Tengelytáv: 2760 mm, Fordulási sugár: 5400 mm, Önsúly: 8060 kg, Maximális össztömeg: 11500 kg.  
Keressék gépértékesítő kollégánkat, hogy a legjobb árat adhassuk Önöknek.  
Kukla László: 303529994",,,,,,,,,,,,,,,,,,,,,,,,,,,,,,,,,,,,,,,,,,,,,,,,,,,,190 hp / 140 kW,,,,,5 h,,,,X7,,,,,2023,,,,
McCormick X6.420,,,, 136 hp/100 kW,2022,,,,https://static.landwirt.com/4981-0754260acca7974b5d255bbbc96a9f58-3459842-0.jpg,...,"https://www.landwirt.com/en/used-farm-machinery,3459842,McCormick-X6420.html","McCormick X6.415 P6 Drive Kc-Békés Kft

A Kc-Békés Kft. új és használt mezőgazdasági gépek,alkatrészek és traktorok értékesítése országos szállítással rövid határidőn belül, szerviz , hitel,lízing pályázati lehetősséggel áll az Önök rendelkezésére .

McCormick X6 Tier4 trakort ajánjuk figyelmükbe.

Motor típusa T4 final DEUTZ-AG
Fordulatszám 2200
ABDULE tartály mérete 20
Üzemanyag tartály mérete 150l
Kormányzási szög 55fok
Hidraulika puma L/MIN 66
Hátsó függesztő előkarok 2
Max. emelő terhelhetőség 6000kg
Önsúly 4600
Érdeklődni: Roszik Dávid Tel: 06/30/6508398",,,,,,,,,,,,,,,,,,,,,,,,,,,,,,,,,,,,,,,,,,,,,,,,,,,,X6.420,,,,,2022,,,,,,136 hp / 100 kW,,,,,,,
McCormick X8.631,,,, 313 hp/231 kW,2023,,Argo GmbH,4490 Oberweidelham,https://static.landwirt.com/8263-0305173e7e78e0abc899967819f52b1b-3466018-0.jpg,...,"https://www.landwirt.com/en/used-farm-machinery,3466018,McCormick-X8631.html","McCormick X8.631 VT Drive
6 cylinder engine
313 hp
continuously variable transmission, 50 km/h
hon
CCLS Load Sensing hydraulic system 216 l/min + 115 l/min
6 rear control units + 3 front control units
swiveling super deluxe driver's seat with dynamic air suspension, air conditioning;
Multifunction armrest operation with Easy Pilot joystick
20 LED work lights
climate control
Front tires: 650/65R34
Rear tires: 710/75R42
Custom paint McCormick Metallic Red",,,,,,,,,,,,,,,,,,,,,,,,,,,,,,,,,,,,,,,,,,,,,,,,,,,,,,,X8.631,,,,,2023,,,,,,313 hp / 231 kW,,,,
McCormick X5.085,EUR 69.990,,"58.815,13 excl. VAT 19%",,,,,,https://static.landwirt.com/7715-9b70bf7c70979885420423261f2f938b-3439328-0.jpg,"Drive: All-wheel drive, Front loader console, Front loader, 40 km/h, Creep speed, Air-suspended seat, Platform: Cabin, PTO shaft speed (rpm): 540/540E, ...","https://www.landwirt.com/en/used-farm-machinery,3439328,McCormick-X5085.html","Mc Cormick X5.085 Kompakttraktor
- **made in EUROPA** (Traktorenwerk in Italien)
- FPT Motor 4Zylinder 3.400cm³ 55kW/75PS
- Auspuff am Kabineneck nach oben
- Allradvorderachse Hydralock mit Vierradbremssystem
- elektrohydraulische Allradzuschaltung
- 48/16Gang Getriebe mit 3-fach Powershift und Kriechgang 40km/h
- elektrohydraulisch schaltbare Heckdifferenzialsperre
- elektrohydraulische Wendeschaltung
- Zapfwelle 540/750 U/min elektrohydraulisch zuschaltbar
- externe Zapfwellenschaltung am Kotflügel links und rechts
- 3 Hecksteuergeräte ew/dw (1 hydr. Motor mit Mengenregelung, 1 Schwimmstellung, 1Std.)
- mechanische Hubwerksregelung
- Hubstrebe rechts hydraulisch
- 2 Zusatzhubzylinder
- hydraulischer Oberlenker
- Anhängekupplung höhenverstellbar
- Kabine mit KLIMAANLAGE
- Fahrersitz luftgefedert
- Beifahrersitz
- Radiovorbereitung
- ausstellbare Frontscheibe
- ausstellbare Dachscheibe mit Sonnenblende
- 8 LED ARBEITSSCHEINWERFER
- Bereifung 340/85R24 - 420/85R34
McCormick Frontlader M15I
- Einhebelsteuergerät 2x dw
- Parallelführung
- mech. Schwingungstilgung
- 3. Steuerkreis
- Schnellkupplung Multikuppler
- Frontschutz


Wir freuen uns auf Ihre Anfrage. Gerne unterbreiten wir Ihnen ein Angebot per Mail!
Preis ab Lager 94547 Iggensbach, inkl. Mehrwertsteuer. Lieferung EU-Weit gegen Aufpreis möglich.

Bei uns finden Sie Kleingeräte für Forst- und Garten, Anbaugeräte für die Landwirtschaft, Forstmaschinen, Schlepper oder Spezialtechnik nach Ihren Wünschen. Wir bieten Ihnen auch zuverlässigen Service für Ihre Geräte und beliefern Sie mit Original-Ersatzteilen und Zubehör. Seit 1950 sehen wir uns als Partner, als Dienstleister und als Berater unserer Kunden. Qualitativ hohe Produkte, Engagement, Innovation und nachhaltige Entwicklung bestimmen unser Unternehmen. Der persönliche Kontakt zu unseren Kunden liegt uns besonders am Herzen. Kundenwünsche verstehen, mitdenken und Ideen umsetzen - so hielt es unser Firmengründer Peter Oswald sen. vor über 75 Jahren, und nach se",,,,,,Yes,,Yes,,,Yes,,,Yes,,,,Yes,,,,,,Yes,,,,,,,,,,,,,,,,,,,,,Yes,,,Yes,,,,100,,X5.085,420/85R34,3,340/85R24,100,,,,3,,,,,,,,
Mc Cormick X 5 - 120,,,, 120 hp/89 kW,2022,1,Macchine Agricole Stefani Luciano,36030 Motta di Costabissara,https://static.landwirt.com/8821-a248ee993040c9f44517eee6f6d06107-3405150-0.jpg,...,"https://www.landwirt.com/en/used-farm-machinery,3405150,Mc-Cormick-X-5---120.html","MOTORE FPT F36 stageV 4 cil 3600 cc 114 hp
TRASMISSIONE 36 + 12 con HML powershift a 3 stadi 40 km/h	
INVERSORE IDRAULICO CON MODULAZIONE DELL’INNESTO RPS
ASSALE ANTERIORE SOSPESO CON FRENI HYDRALOCK  -PARK LOCK
POMPA TRIPLA (litri 82+32)
GANCI RAPIDI,  TERZO PUNTO IDRAULICO, ASTA DESTRA IDRAULICA
SOLLEVATORE ELETTRONICO CON 2 CILINDRI SUPPLEMENTARI Ø50MM
PDF  SINCR - /E A COMANDO ELETTROIDRAULICO
3  DISTRIBUTORI IDRAULICI POSTERIORI  (1 mot idraulico con D/F + 1 flott. + 1 std  ) DEVIATORE DI FLUSSO
FRENATURA IDRAULICA  RIMORCHIO CON GANCI  C E D2
VERNICE MCCORMICK METALLIC RED - 8 FARI LED
AUTORADIO –SEDILE ISTRUTTORE – CABINA SOSPESA mecc. -SPECCHIETTI TELESCOPICI
GOMMATURA MAGGIORATA 440/65 R24 - 540/65 R34 A CERCHI REGOLABILI NERI 
PESO NUDO SENZA ACCESSORI 	 4100 KG",,,,,,,,,,,,,,,,,,,,,,,,,,,,,,,,,,,,,,,,,,,,,,,,,,,,,,,120 hp / 89 kW,,,1 h,,,,,,X 5 - 120,,,,,2022,
McCormick X6.414 P6-Drive,,,, 146 hp/108 kW,2023,3,Argo GmbH,4490 Oberweidelham,https://static.landwirt.com/8263-dcca630f9b7273228b2cb3fc40a1dfb4-3408371-1.jpg,"Drive: All-wheel drive, 50 km/h, Front hydraulic equipment, Front PTO (power take-off), Three-point hitch (electronic hitch control), PowerShift transmission, Platform: Cabin, PTO shaft speed (rpm): 540/540E/1000/1000E, ...","https://www.landwirt.com/en/used-farm-machinery,3408371,McCormick-X6414-P6-Drive.html","Exhibition tractor with top equipment!
McCormick X 6.414 P6 drive with front loader
Hydraulic top link
Variable displacement hydraulic pump Load Sensing
4x DW control valves in the rear
2x DW control valves in the front
3.u. 4. Function
front linkage
Front PTO 1,000 rpm
Suspended front axle
Suspended cab
LED work lights
battery disconnect switch
automatic trailer hitch D38
Air brake system 2- wire
Passenger seat with seat belt
ISOBUS preparation
GPS Topcon
50km/h
air conditioning

We would be happy to advise you : [phone number removed]",,Yes,Yes,Yes,Yes,,Yes,Yes,,Yes,Yes,Yes,Yes,Yes,Yes,Yes,Yes,,Yes,,Yes,Yes,Yes,,,Yes,,Yes,Yes,Yes,Yes,Yes,,Yes,Yes,Yes,Yes,,Yes,Yes,Yes,,Yes,,,Yes,Yes,,,,0,,2023,Very good (condition state 1),,,5,,146 hp / 108 kW,6,4,3 h,100,6,540/60R 28,100,,X6.414 P6-Drive,650/60R 38,5
"McCormick McCormick traktorok 45-310 LE-ig,  Kc-Békés Kft",,,, 45 hp/34 kW,2020,5,,,https://static.landwirt.com/4981-cd73f1f7997f9f3816fbe5d938f2eadf-3310196-0.jpg,...,"https://www.landwirt.com/en/used-farm-machinery,3310196,McCormick-McCormick-traktorok-45-310-LE-ig-Kc-Bekes-Kft.html","McCormick traktorok 45-310 LE-ig,  Kc-Békés Kft

A KC-BÉKÉS KFT. új és használt mezőgazdasági gépek, alkatrészek és traktorok értékesítésével, országos szállítással, rövid határidőn belül, szerviz, hitel, lízing, pályázati lehetőséggel áll az Önök rendelkezésére.

**Az ÚJ HIGH-TECH YANMAR TNV MOTORSZÉRIA**

A Yanmar TNV négyhengeres motorok új generációja nagy teljesítményt, takarékosabb üzemanyagfelhasználást, alacsony zajszintet, magasabb nyomatékot és kisebb károsanyag-kibocsátást kínál. Figyelemre méltó a négyhengeres, 16 szelepes turbómotor kiemelkedő teljesítménye. A motorborítás oldalpaneljeit le lehet venni, így biztosítva a könnyű hozzáférést a motorhoz a rutin szerviz és karbantartás alkalmával.

**ERŐÁTVITEL SZINKRONIZÁLT IRÁNYVÁLTÓVAL**

Az alapsebességváltóba (12 előre + 12 hátra) be van építve egy mászófokozat, amely 32 sebességfokozatot tesz lehetővé. A teljesen szinkronizált irányváltó az összes alapfokozat hátramenetbe kapcsolására ad lehetőséget, így elérhető 16 előre- és 16 hátrameneti sebesség. A vezérlők előre néző helyzetben a hajtott kerék fölött találhatók a legutolsó tervezési irányzatoknak megfelelően.

**Függesztett vezetőállás a GE verziónál, fülke a Standard változatnál**

A függesztett platformra szerelt vezetőülés ergonomikusan elrendezett kezelőelemeket nyújt a könnyű működtetés érdekében. Az új négyoszlopos fülke jobb kilátást és manőverezhetőséget biztosít. Az új fülkét korszerűbb külsővel tervezték, amely hatékonyabb túlnyomásrendszerrel, alacsony zajszinttel és új, nagy teljesítményű légkondicionálóval kényelmes munkakörülményeket szolgáltat a kezelő részére.

**MECHANIKUS EMELŐSZERKEZET ÉS KIEGÉSZÍTŐ SZELEPEK, IDEÁLIS EBBEN A TELJESÍTMÉNYTARTOMÁNYBAN**

A hidraulikarendszer maximális kapacitása 47,7 liter/perc (12,5 GPM). Az 1. kategóriás hárompontos kapcsolószerkezettel ellátott mechanikus emelőszerkezet 1200 kg-ot (2640 lb) tud emelni. A rendszer három egyszeres és kettős működésű kiegészítő szelepet tartalmaz. A kezelőelemek kényelmes és ergonomikus helyzetben találhatók a kezelő jobb oldalán, ujjheggyel működtethetők.

 - 

Bármely további kérdés esetén hívja kollégánkat: Kukla László: 303529994",,,,,,,,,,,,,,,,,,,,,,,,,,,,,,,,,,,,,,,,,,,,,,,,,,,,5 h,,,,,,"McCormick traktorok 45-310 LE-ig,  Kc-Békés Kft",,,,,2020,,,,,,45 hp / 34 kW,
McCormick McCormick X7.621 P6-Drive / VT-Drive Kc-Békés Kf,,,, 1 hp/1 kW,2020,5,,,https://static.landwirt.com/4981-33f9af5e30825c51bf73ed04bae74bc9-3310190-0.jpg,...,"https://www.landwirt.com/en/used-farm-machinery,3310190,McCormick-McCormick-X7621-P6-Drive--VT-Drive-Kc-Bekes-Kf.html","McCormick X7.621 P6-Drive / VT-Drive Kc-Békés Kft

Motor típusa: T4 final BETAPOWER  
Fordulatszám: 2200  
ABDULE tartály mérete: 52  
Üzemanyagtartály mérete: 280 l  
Kormányzási szög: 55 fok  
Hidraulika puma: L/MIN 88  
Hátsó függesztő előkarok: 3  
Max. emelhető terhelhetőség: 6300 kg  
Önsúly: 6400 kg",,,,,,,,,,,,,,,,,,,,,,,,,,,,,,,,,,,,,,,,,,,,,,,,,,,McCormick X7.621 P6-Drive / VT-Drive Kc-Békés Kf,,,,,,2020,,,,,1 hp / 1 kW,,,,,,5 h,,
McCormick McCormick X8 VT-Drive Kc-Békés Kft,,,, 1 hp/1 kW,2020,5,,,https://static.landwirt.com/4981-1877d7cad62faeaf801c7063559067d5-3310182-0.jpg,...,"https://www.landwirt.com/en/used-farm-machinery,3310182,McCormick-McCormick-X8-VT-Drive-Kc-Bekes-Kft.html","McCormick X8 VT-Drive Kc-Békés Kft

Motor típusa: T4 final BETAPOWER  
Fordulatszám: 2100  
ABDULE tartály mérete: 70  
Üzemanyagtartály mérete: 550 l  
Kormányzási szög: 55 fok  
Hidraulika puma: L/MIN 115  
Hátsó függesztő előkarok: 3  
Max. emelhető terhelhetőség: 12000 kg  
Önsúly: 10800 kg",,,,,,,,,,,,,,,,,,,,,,,,,,,,,,,,,,,,,,,,,,,,,,,,,,,,,5 h,,,,,,McCormick X8 VT-Drive Kc-Békés Kft,,,,,2020,,,,,,1 hp / 1 kW
McCormick McCormick X5.085 Tier4 Interim Kc-Békés Kft,,,, 1 hp/1 kW,2022,5,,,https://static.landwirt.com/4981-0e7c2b576925329949c445f1d379fa11-3310163-0.jpg,...,"https://www.landwirt.com/en/used-farm-machinery,3310163,McCormick-McCormick-X5085-Tier4-Interim-Kc-Bekes-Kft.html","McCormick X5.085 Tier4 Interim Kc-Békés Kft

A Kc-Békés  új és használt mezőgazdasági gépek,alkatrészek és traktorok értékesítése országos szállítással rövid határidőn belül, szerviz , hitel,lízing pályázati lehetősséggel áll az Önök rendelkezésére .
Motor típusa T4 final DEUTZ
Fordulatszám 2200
Üzemanyag tartály mérete 120l
Kormányzási szög 55fok
Hidraulika puma L/min 62
Hátsó függesztő előkarok 2
Max. emelő terhelhetőség 4500kg
Önsúly 3800",,,,,,,,,,,,,,,,,,,,,,,,,,,,,,,,,,,,,,,,,,,,,,,,,,,5 h,,,,,,McCormick X5.085 Tier4 Interim Kc-Békés Kft,,,,,2022,,,,,,1 hp / 1 kW,,
McCormick X5.100,EUR 65.450,,55.000 excl. VAT 19%, 95 hp/70 kW,2022,95,,,https://static.landwirt.com/6195-60f299d0962143f25fc73a4056e1b1b3-3308433-0.jpg,"Drive: All-wheel drive, 40 km/h, PowerShift transmission, Platform: Cabin, PTO shaft speed (rpm): 540/1000, Turbocharger with intercooler, emission stage: Tier5, bolt size hitch (mm): 38mm, ...","https://www.landwirt.com/en/used-farm-machinery,3308433,McCormick-X5100.html","McCormick Schlepper - Vorführmaschine, 
Typ: X5.100, 
FPT Motor, 4 Zylinder, Hubraum 3.600 cm³, 
Abgasstufe 5, DOC, DPF, SCR, 
Höchstgeschwindigkeit 40 km/h, 
Druckluftanlage - 2 Leiter, 
Getriebe: 24 / 24-Gang,  
Hydraulische Wendeschaltung, 
Zapfwelle 540/1000 U/min, 
Hydrauliksystem 62 + 32 l/min, 
3 ew / dw Steuergeräte (1 Schwimmstellung mit Mengenteiler, 1 Schwimmstellung, 1 Kickout), 
2 Zwischenachssteuergeräte ew / dw Standard mit Kreuzsteuerhebel, 
Vierpfosten-FOPS-Kabine, 
Luftsitz, 
Radiosystem, 
Klimaanlage, 
Ausstellbare Dachscheibe mit Sonnenblende, 
Beifahrersitz, 
Autom. Anhängerkupplung, 
Sofort Verfügbar, 
Lieferung gegen Kostenübernahme möglich!!",,,Yes,,,,,Yes,Yes,Yes,Yes,,,,,,Yes,,Yes,Yes,,Yes,,,Yes,Yes,Yes,Yes,Yes,Yes,Yes,,,,,,,,Yes,,Yes,,,,Yes,Yes,Yes,Yes,,,480/70R34,3,380/70R24,100,,X5.100,Very good (condition state 1),,0,,2022,2,,,,,95 hp / 70 kW,100,2,95 h
McCormick X4.070,EUR 45.815,,38.500 excl. VAT 19%, 68 hp/50 kW,2022,20,,,https://static.landwirt.com/6195-9e729b0206ec5508504e68c34ae77e4c-3308431-0.jpg,"Drive: All-wheel drive, 40 km/h, PowerShift transmission, Platform: Cabin, PTO shaft speed (rpm): 540/540E, Turbocharger with intercooler, emission stage: Tier5, bolt size hitch (mm): 32mm, ...","https://www.landwirt.com/en/used-farm-machinery,3308431,McCormick-X4070.html","McCormick Schlepper Vorführschlepper. 
Typ: X4.070. 
Kohler 4-Zylinder Motor, Abgasstufe 5, 
Ohne Adblue!!, 
Leistung: 68PS. 
Getriebe: 24/24 Gang. 
Mechanische Wendeschaltung. 
Mechanische Untersetzer. 
Luftsitz Grammer,  
Drehpunkt Kat.2 / Oberlenker Kat.2 mit Schnellkuppler. 
MHR Hubwerksregelung. 
3-Zusatzsteuergeräte hinten DW/EW. 
2- Zusatzsteuergeräte mitte über Kreuzhebel. 
Automatische Anhängerkupplung, schnellhöhenverstellbar. 
Sofort Verfügbar!! 
Versand gegen Kostenübernahme möglich!!",Yes,,Yes,Yes,,Yes,,,,,,,,,,,Yes,Yes,Yes,,,,,Yes,,,,Yes,,Yes,Yes,,Yes,Yes,Yes,Yes,Yes,,,,Yes,,,,,,Yes,,,,0,,2022,,,,,,68 hp / 50 kW,2,4,20 h,100,2,320/70R24,100,,X4.070,480/70R30,3
McCormick XTX185,EUR 47.900,,"42.389,38 excl. VAT/ mediation", 179 hp/132 kW,2006,3700,,,https://static.landwirt.com/4839-04dcc1e96d8ba7bfc368fbacdd4b7d3e-2777643-0.jpg,"Drive: All-wheel drive, 50 km/h, Front hydraulic equipment, Three-point hitch (electronic hitch control), PowerShift transmission, Platform: Cabin, PTO shaft speed (rpm): 540E/1000, Turbocharger with intercooler, ...","https://www.landwirt.com/en/used-farm-machinery,2777643,McCormick-XTX185.html","Zustand 1; Xtra Shift E Ausführung; Rahmenbauweise! Original dunkelrot!

Angaben ohne Gewähr! Kein Wartungsstau!",,,,,Yes,Yes,Yes,Yes,,Yes,,Yes,Yes,,,,Yes,Yes,Yes,Yes,,,Yes,,,Yes,,,,Yes,,Yes,,,,Yes,Yes,Yes,Yes,,Yes,,,,,Yes,Yes,,,,4,3700 h,30,4,540/65R30,40,,XTX185,650/65/R42,0,2,,2006,Very good (condition state 1),6,,,7500,179 hp / 132 kW,8